row_number,player_name,team_abbreviation,age,gp,w,l,min,pts,fgm,fga,fg_pct,fg3m,fg3a,fg3_pct,ftm,fta,ft_pct,oreb,dreb,reb,ast,tov,stl,blk,pf,nba_fantasy_pts,dd2,td3,plus_minus,last_update,season
1,Nikola Jokić,DEN,30,67,43,24,2461.4,2007,763,1323,57.7,134,323,41.5,347,432,80.3,193,664,857,685,223,119,44,152,4329,57,32,540,2025-04-07 11:37:37.144203,2024-25
2,LeBron James,LAL,40,67,42,25,2350.6,1641,626,1220,51.3,145,382,38.0,244,314,77.7,70,458,528,561,251,67,39,95,3183,32,10,-54,2025-04-07 11:37:37.144203,2024-25
3,Cade Cunningham,DET,23,67,37,30,2348.7,1723,640,1391,46.0,143,404,35.4,300,351,85.5,54,360,414,613,297,68,50,187,3196,30,9,175,2025-04-07 11:37:37.144203,2024-25
3,Domantas Sabonis,SAC,28,66,34,32,2291.7,1266,498,847,58.8,60,149,40.3,210,281,74.7,252,665,917,400,194,44,24,218,2976,57,9,138,2025-04-07 11:37:37.144203,2024-25
3,Giannis Antetokounmpo,MIL,30,64,37,27,2187.6,1953,762,1265,60.2,12,57,21.1,417,675,61.8,141,622,763,403,203,56,74,154,3660,52,9,280,2025-04-07 11:37:37.144203,2024-25
3,Josh Hart,NYK,30,75,48,27,2814.8,1033,396,750,52.8,82,245,33.5,159,204,77.9,155,560,715,441,155,115,27,191,2824,33,9,224,2025-04-07 11:37:37.144203,2024-25
7,Josh Giddey,CHI,22,69,32,37,2076.2,994,360,779,46.2,102,272,37.5,172,221,77.8,125,425,550,492,198,82,42,120,2566,29,6,-79,2025-04-07 11:37:37.144203,2024-25
8,Luka Dončić,LAL,26,47,29,18,1668.4,1301,425,963,44.1,162,455,35.6,289,365,79.2,39,351,390,365,169,84,20,120,2460,21,5,297,2025-04-07 11:37:37.144203,2024-25
9,Alperen Sengun,HOU,22,75,52,23,2371.4,1437,560,1129,49.6,21,90,23.3,296,428,69.2,260,521,781,368,194,84,60,208,3164,45,4,418,2025-04-07 11:37:37.144203,2024-25
9,Russell Westbrook,DEN,36,72,40,32,2026.0,958,362,802,45.1,93,281,33.1,141,219,64.4,100,263,363,443,236,103,37,185,2242,13,4,-39,2025-04-07 11:37:37.144203,2024-25
11,Amen Thompson,HOU,22,68,43,25,2199.2,955,382,688,55.5,25,90,27.8,166,243,68.3,190,368,558,259,137,96,88,164,2428,21,3,283,2025-04-07 11:37:37.144203,2024-25
11,Jimmy Butler III,GSW,35,51,34,17,1612.2,872,276,555,49.7,29,98,29.6,291,348,83.6,121,163,284,272,72,70,17,50,1810,6,3,209,2025-04-07 11:37:37.144203,2024-25
13,Damian Lillard,MIL,34,58,32,26,2092.9,1447,444,992,44.8,197,524,37.6,362,393,92.1,29,243,272,410,162,70,10,97,2466,14,2,53,2025-04-07 11:37:37.144203,2024-25
13,Deni Avdija,POR,24,72,33,39,2161.1,1219,402,844,47.6,125,342,36.5,290,372,78.0,110,412,522,281,196,71,35,171,2389,17,2,-78,2025-04-07 11:37:37.144203,2024-25
13,James Harden,LAC,35,75,46,29,2623.1,1684,492,1222,40.3,220,637,34.5,480,549,87.4,50,376,426,645,325,112,52,154,3330,34,2,311,2025-04-07 11:37:37.144203,2024-25
13,Jaylin Williams,OKC,22,44,37,7,732.4,251,88,206,42.7,54,143,37.8,21,28,75.0,46,199,245,108,31,20,28,75,820,3,2,266,2025-04-07 11:37:37.144203,2024-25
13,Jayson Tatum,BOS,27,70,51,19,2544.3,1884,645,1426,45.2,243,707,34.4,351,431,81.4,47,561,608,418,207,75,37,151,3370,31,2,509,2025-04-07 11:37:37.144203,2024-25
13,RJ Barrett,TOR,24,57,22,35,1854.5,1212,456,971,47.0,104,299,34.8,196,311,63.0,61,304,365,313,165,45,17,137,2141,10,2,-145,2025-04-07 11:37:37.144203,2024-25
13,Zion Williamson,NOP,24,30,10,20,857.3,737,288,508,56.7,3,13,23.1,158,241,65.6,76,140,216,159,90,37,27,82,1337,8,2,-42,2025-04-07 11:37:37.144203,2024-25
20,Austin Reaves,LAL,26,70,44,26,2440.3,1417,458,1000,45.8,192,513,37.4,309,350,88.3,58,255,313,406,166,78,22,142,2536,9,1,178,2025-04-07 11:37:37.144203,2024-25
20,Ayo Dosunmu,CHI,25,46,17,29,1393.9,566,221,449,49.2,62,189,32.8,62,79,78.5,26,135,161,208,69,43,18,105,1185,1,1,-234,2025-04-07 11:37:37.144203,2024-25
20,Bam Adebayo,MIA,27,76,35,41,2616.8,1369,526,1086,48.4,73,212,34.4,244,318,76.7,182,549,731,330,160,95,53,160,3025,37,1,-19,2025-04-07 11:37:37.144203,2024-25
20,Bilal Coulibaly,WAS,20,59,13,46,1947.5,727,263,624,42.1,63,224,28.1,138,185,74.6,91,203,294,199,125,78,41,139,1610,3,1,-587,2025-04-07 11:37:37.144203,2024-25
20,Dejounte Murray,NOP,28,31,9,22,1012.1,542,194,494,39.3,52,174,29.9,102,124,82.3,17,183,200,228,106,63,12,61,1243,8,1,-207,2025-04-07 11:37:37.144203,2024-25
20,Desmond Bane,MEM,26,66,37,29,2107.1,1256,467,970,48.1,152,395,38.5,170,191,89.0,61,340,401,356,162,78,27,157,2424,10,1,143,2025-04-07 11:37:37.144203,2024-25
20,Draymond Green,GSW,35,64,40,24,1861.8,578,205,483,42.4,72,229,31.4,96,141,68.1,71,322,393,362,164,90,66,207,1897,6,1,254,2025-04-07 11:37:37.144203,2024-25
20,Ja Morant,MEM,25,47,29,18,1422.5,1074,373,820,45.5,77,254,30.3,251,303,82.8,29,168,197,344,177,59,11,107,1859,13,1,211,2025-04-07 11:37:37.144203,2024-25
20,Jaime Jaquez Jr.,MIA,24,63,30,33,1299.2,513,189,424,44.6,33,107,30.8,102,135,75.6,79,191,270,152,94,59,13,77,1187,2,1,-170,2025-04-07 11:37:37.144203,2024-25
20,Jalen Johnson,ATL,23,36,18,18,1284.2,680,271,542,50.0,44,141,31.2,94,126,74.6,62,297,359,181,106,56,36,67,1552,20,1,55,2025-04-07 11:37:37.144203,2024-25
20,Jalen Pickett,DEN,25,46,28,18,605.6,182,71,164,43.3,35,90,38.9,5,6,83.3,14,53,67,100,22,16,4,35,450,1,1,51,2025-04-07 11:37:37.144203,2024-25
20,Joel Embiid,PHI,31,19,8,11,574.4,452,140,315,44.4,23,77,29.9,149,169,88.2,36,119,155,85,62,14,18,42,800,7,1,-57,2025-04-07 11:37:37.144203,2024-25
20,Karl-Anthony Towns,NYK,29,70,46,24,2444.7,1700,615,1175,52.3,141,334,42.2,329,397,82.9,206,690,896,215,185,69,49,241,3267,56,1,382,2025-04-07 11:37:37.144203,2024-25
20,Kevin Porter Jr.,MIL,24,72,40,32,1402.6,714,276,620,44.5,52,166,31.3,110,145,75.9,37,228,265,237,131,69,13,109,1503,2,1,-6,2025-04-07 11:37:37.144203,2024-25
20,Miles Bridges,CHA,27,63,16,47,1998.7,1286,465,1076,43.2,139,444,31.3,217,250,86.8,72,403,475,245,133,44,44,91,2355,14,1,-232,2025-04-07 11:37:37.144203,2024-25
20,Nikola Vučević,CHI,34,70,31,39,2198.3,1306,531,998,53.2,126,313,40.3,118,147,80.3,163,541,704,240,114,57,48,160,2712,43,1,-128,2025-04-07 11:37:37.144203,2024-25
20,Scottie Barnes,TOR,23,62,25,37,2046.7,1174,440,1000,44.0,71,270,26.3,223,290,76.9,101,370,471,362,177,92,61,111,2564,24,1,-121,2025-04-07 11:37:37.144203,2024-25
20,Scotty Pippen Jr.,MEM,24,76,45,31,1596.1,742,273,567,48.1,83,211,39.3,113,157,72.0,61,193,254,334,135,101,29,194,1803,9,1,67,2025-04-07 11:37:37.144203,2024-25
20,Tyrese Maxey,PHI,24,52,20,32,1960.2,1369,477,1091,43.7,161,478,33.7,254,289,87.9,15,159,174,317,124,91,21,116,2265,8,1,-124,2025-04-07 11:37:37.144203,2024-25
20,Victor Wembanyama,SAS,21,46,21,25,1527.3,1116,408,857,47.6,142,403,35.2,158,189,83.6,82,424,506,168,149,52,176,105,2510,28,1,102,2025-04-07 11:37:37.144203,2024-25
40,A.J. Lawson,TOR,24,23,13,10,405.6,196,69,164,42.1,29,88,33.0,29,46,63.0,16,54,70,22,14,11,6,39,350,1,0,-20,2025-04-07 11:37:37.144203,2024-25
40,AJ Green,MIL,25,69,40,29,1573.0,514,173,404,42.8,146,344,42.4,22,27,81.5,17,141,158,100,38,36,6,151,942,0,0,163,2025-04-07 11:37:37.144203,2024-25
40,AJ Johnson,WAS,20,25,7,18,496.2,183,68,164,41.5,21,71,29.6,26,31,83.9,7,43,50,64,29,10,3,33,349,0,0,-79,2025-04-07 11:37:37.144203,2024-25
40,Aaron Gordon,DEN,29,48,30,18,1344.2,676,235,445,52.8,71,157,45.2,135,168,80.4,70,162,232,156,69,20,12,79,1215,3,0,256,2025-04-07 11:37:37.144203,2024-25
40,Aaron Holiday,HOU,28,59,39,20,739.2,307,105,244,43.0,64,166,38.6,33,40,82.5,12,62,74,73,35,19,10,60,557,0,0,92,2025-04-07 11:37:37.144203,2024-25
40,Aaron Nesmith,IND,25,42,26,16,1048.4,502,179,352,50.9,79,184,42.9,65,71,91.5,34,128,162,51,35,33,17,106,888,0,0,206,2025-04-07 11:37:37.144203,2024-25
40,Aaron Wiggins,OKC,26,72,58,14,1627.8,831,324,666,48.6,122,316,38.6,61,75,81.3,77,195,272,120,61,55,18,92,1495,2,0,461,2025-04-07 11:37:37.144203,2024-25
40,Adam Flagler,OKC,25,33,30,3,143.8,44,17,73,23.3,10,56,17.9,0,0,0.0,7,12,19,8,3,7,3,12,106,0,0,-12,2025-04-07 11:37:37.144203,2024-25
40,Adama Sanogo,CHI,23,4,2,2,21.5,8,4,7,57.1,0,0,0.0,0,0,0.0,5,1,6,1,1,0,0,1,16,0,0,-5,2025-04-07 11:37:37.144203,2024-25
40,Adem Bona,PHI,22,54,11,43,774.6,270,108,155,69.7,0,0,0.0,54,79,68.4,79,131,210,25,49,23,60,115,760,2,0,-79,2025-04-07 11:37:37.144203,2024-25
40,Ajay Mitchell,OKC,22,34,29,5,561.2,218,84,166,50.6,22,51,43.1,28,33,84.8,17,50,67,57,28,24,3,59,437,1,0,114,2025-04-07 11:37:37.144203,2024-25
40,Al Horford,BOS,38,59,43,16,1631.1,525,190,451,42.1,111,308,36.0,34,38,89.5,78,280,358,128,44,35,50,80,1358,6,0,387,2025-04-07 11:37:37.144203,2024-25
40,Alec Burks,MIA,33,46,24,22,811.3,326,105,249,42.2,79,190,41.6,37,48,77.1,15,103,118,50,24,25,7,33,615,0,0,83,2025-04-07 11:37:37.144203,2024-25
40,Alex Caruso,OKC,31,52,42,10,994.6,354,130,297,43.8,57,164,34.8,37,45,82.2,37,113,150,131,37,79,30,95,1021,0,0,282,2025-04-07 11:37:37.144203,2024-25
40,Alex Ducas,OKC,24,19,18,1,96.2,29,10,25,40.0,9,18,50.0,0,0,0.0,6,13,19,3,4,5,0,7,67,0,0,-33,2025-04-07 11:37:37.144203,2024-25
40,Alex Len,LAL,31,45,21,24,366.2,70,30,59,50.8,2,8,25.0,8,17,47.1,38,55,93,37,17,9,20,50,307,0,0,-138,2025-04-07 11:37:37.144203,2024-25
40,Alex Reese,PHI,25,13,3,10,198.9,69,24,48,50.0,13,35,37.1,8,10,80.0,9,34,43,4,5,9,8,20,173,0,0,31,2025-04-07 11:37:37.144203,2024-25
40,Alex Sarr,WAS,19,63,12,51,1715.3,820,307,776,39.6,102,324,31.5,104,156,66.7,120,288,408,145,107,42,96,139,1834,9,0,-550,2025-04-07 11:37:37.144203,2024-25
40,Alondes Williams,DET,25,1,0,1,3.7,5,2,2,100,1,1,100,0,0,0.0,0,0,0,1,0,0,0,0,7,0,0,6,2025-04-07 11:37:37.144203,2024-25
40,Amir Coffey,LAC,27,71,40,31,1743.7,696,240,510,47.1,101,247,40.9,115,129,89.1,32,128,160,77,44,40,7,119,1101,0,0,-53,2025-04-07 11:37:37.144203,2024-25
40,Andre Drummond,PHI,31,40,12,28,750.6,293,117,234,50.0,3,20,15.0,56,90,62.2,109,201,310,34,55,39,18,94,832,5,0,-245,2025-04-07 11:37:37.144203,2024-25
40,Andre Jackson Jr.,MIL,23,65,37,28,936.8,215,87,188,46.3,29,75,38.7,12,22,54.5,64,115,179,79,53,34,13,110,636,0,0,-30,2025-04-07 11:37:37.144203,2024-25
40,Andrew Nembhard,IND,25,62,41,21,1806.8,644,244,516,47.3,50,167,29.9,106,134,79.1,32,176,208,311,108,76,11,143,1513,2,0,193,2025-04-07 11:37:37.144203,2024-25
40,Andrew Wiggins,MIA,30,58,26,32,1790.8,1054,367,816,45.0,127,338,37.6,193,250,77.2,84,174,258,150,96,57,49,99,1811,3,0,-108,2025-04-07 11:37:37.144203,2024-25
40,Anfernee Simons,POR,25,70,28,42,2291.9,1348,479,1125,42.6,215,593,36.3,175,194,90.2,25,164,189,337,143,60,5,117,2132,2,0,-220,2025-04-07 11:37:37.144203,2024-25
40,Anthony Black,ORL,21,74,36,38,1764.7,681,241,572,42.1,56,182,30.8,143,189,75.7,48,160,208,227,131,79,45,157,1512,0,0,-62,2025-04-07 11:37:37.144203,2024-25
40,Anthony Davis,DAL,32,49,29,20,1641.7,1225,455,879,51.8,34,117,29.1,281,362,77.6,129,437,566,165,107,59,102,95,2528,34,0,14,2025-04-07 11:37:37.144203,2024-25
40,Anthony Edwards,MIN,23,75,45,30,2723.5,2056,679,1524,44.6,303,764,39.7,395,473,83.5,59,369,428,342,240,85,46,139,3236,7,0,244,2025-04-07 11:37:37.144203,2024-25
40,Anthony Gill,WAS,32,50,7,43,390.8,129,43,88,48.9,10,31,32.3,33,50,66.0,16,46,62,16,10,9,2,29,250,0,0,-64,2025-04-07 11:37:37.144203,2024-25
40,Anton Watson,NYK,24,8,4,4,20.7,8,4,9,44.4,0,1,0.0,0,0,0.0,1,2,3,2,2,1,0,3,16,0,0,-12,2025-04-07 11:37:37.144203,2024-25
40,Antonio Reeves,NOP,22,40,6,34,519.2,233,88,191,46.1,43,102,42.2,14,17,82.4,15,30,45,30,27,15,3,30,359,0,0,-102,2025-04-07 11:37:37.144203,2024-25
40,Ariel Hukporti,NYK,22,25,17,8,217.4,48,21,31,67.7,0,0,0.0,6,13,46.2,14,37,51,11,21,1,15,32,153,0,0,-63,2025-04-07 11:37:37.144203,2024-25
40,Armel Traoré,LAL,22,9,5,4,66.7,14,6,19,31.6,0,7,0.0,2,7,28.6,2,13,15,1,3,4,2,6,49,0,0,-49,2025-04-07 11:37:37.144203,2024-25
40,Ausar Thompson,DET,22,56,33,23,1250.4,565,235,434,54.1,10,46,21.7,85,134,63.4,108,180,288,127,79,95,37,157,1418,3,0,52,2025-04-07 11:37:37.144203,2024-25
40,Baylor Scheierman,BOS,24,28,25,3,302.6,86,29,79,36.7,22,63,34.9,6,8,75.0,16,34,50,26,9,12,2,18,218,0,0,11,2025-04-07 11:37:37.144203,2024-25
40,Ben Sheppard,IND,23,63,40,23,1229.6,332,120,287,41.8,68,199,34.2,24,27,88.9,44,133,177,85,22,38,14,125,806,0,0,-59,2025-04-07 11:37:37.144203,2024-25
40,Ben Simmons,LAC,28,48,23,25,1081.7,256,116,220,52.7,0,0,0.0,24,33,72.7,43,188,231,280,100,38,22,99,1033,1,0,-37,2025-04-07 11:37:37.144203,2024-25
40,Bennedict Mathurin,IND,22,69,41,28,2057.7,1106,375,810,46.3,95,274,34.7,261,312,83.7,81,287,368,130,130,44,24,155,1817,8,0,100,2025-04-07 11:37:37.144203,2024-25
40,Bismack Biyombo,SAS,32,24,8,16,459.8,130,60,95,63.2,0,0,0.0,10,24,41.7,36,94,130,28,20,15,23,45,422,3,0,-64,2025-04-07 11:37:37.144203,2024-25
40,Blake Wesley,SAS,22,54,21,33,590.9,190,70,163,42.9,17,55,30.9,33,54,61.1,16,39,55,97,49,34,4,38,467,0,0,-16,2025-04-07 11:37:37.144203,2024-25
40,Bobby Portis,MIL,30,46,27,19,1160.1,631,258,557,46.3,60,165,36.4,55,67,82.1,83,300,383,102,56,31,25,87,1356,9,0,68,2025-04-07 11:37:37.144203,2024-25
40,Bobi Klintman,DET,22,7,4,3,19.5,0,0,2,0.0,0,1,0.0,0,0,0.0,0,4,4,1,1,0,1,2,8,0,0,5,2025-04-07 11:37:37.144203,2024-25
40,Bogdan Bogdanović,LAC,32,50,29,21,1256.1,541,195,457,42.7,98,273,35.9,53,60,88.3,21,130,151,135,70,39,11,117,1005,1,0,109,2025-04-07 11:37:37.144203,2024-25
40,Bol Bol,PHX,25,35,10,25,443.9,244,96,183,52.5,32,93,34.4,20,26,76.9,20,84,104,22,20,9,25,20,484,1,0,-34,2025-04-07 11:37:37.144203,2024-25
40,Bones Hyland,MIN,24,24,11,13,238.8,149,47,118,39.8,32,82,39.0,23,26,88.5,5,20,25,32,25,18,4,29,268,0,0,-31,2025-04-07 11:37:37.144203,2024-25
40,Bradley Beal,PHX,31,50,21,29,1608.9,849,326,656,49.7,92,241,38.2,105,132,79.5,34,136,170,181,94,56,28,131,1483,1,0,-271,2025-04-07 11:37:37.144203,2024-25
40,Branden Carlson,OKC,25,28,25,3,179.0,87,29,66,43.9,20,51,39.2,9,13,69.2,11,31,42,10,5,5,15,18,207,0,0,21,2025-04-07 11:37:37.144203,2024-25
40,Brandin Podziemski,GSW,22,60,36,24,1588.0,689,259,584,44.3,106,288,36.8,65,86,75.6,61,242,303,205,69,64,12,88,1519,2,0,198,2025-04-07 11:37:37.144203,2024-25
40,Brandon Boston,NOP,23,42,8,34,992.8,448,166,381,43.6,49,140,35.0,67,85,78.8,28,106,134,92,52,53,9,73,881,0,0,-140,2025-04-07 11:37:37.144203,2024-25
40,Brandon Clarke,MEM,28,64,40,24,1206.9,534,236,380,62.1,1,17,5.9,61,87,70.1,127,199,326,66,41,52,36,145,1247,2,0,181,2025-04-07 11:37:37.144203,2024-25
40,Brandon Ingram,TOR,27,18,5,13,595.0,400,155,333,46.5,43,115,37.4,47,55,85.5,17,83,100,93,69,16,11,45,672,0,0,-128,2025-04-07 11:37:37.144203,2024-25
40,Brandon Miller,CHA,22,27,8,19,923.6,568,198,491,40.3,104,293,35.5,68,79,86.1,25,106,131,98,76,29,20,74,943,2,0,-124,2025-04-07 11:37:37.144203,2024-25
40,Brandon Williams,DAL,25,31,14,17,457.9,258,91,178,51.1,22,58,37.9,54,63,85.7,11,42,53,73,35,23,3,29,474,0,0,10,2025-04-07 11:37:37.144203,2024-25
40,Braxton Key,GSW,28,1,1,0,0.9,0,0,0,0.0,0,0,0.0,0,0,0.0,0,0,0,0,0,0,0,0,0,0,0,0,2025-04-07 11:37:37.144203,2024-25
40,Brice Sensabaugh,UTA,21,68,13,55,1324.3,703,254,553,45.9,140,337,41.5,55,62,88.7,40,154,194,97,97,41,7,103,1128,0,0,-284,2025-04-07 11:37:37.144203,2024-25
40,Bronny James,LAL,20,24,15,9,137.0,55,18,53,34.0,8,29,27.6,11,14,78.6,3,11,14,14,10,5,3,11,107,0,0,-54,2025-04-07 11:37:37.144203,2024-25
40,Brook Lopez,MIL,37,77,44,33,2469.8,1013,384,749,51.3,135,361,37.4,110,134,82.1,112,279,391,140,80,50,144,168,2194,4,0,155,2025-04-07 11:37:37.144203,2024-25
40,Bruce Brown,NOP,28,40,15,25,901.8,331,126,302,41.7,26,80,32.5,53,65,81.5,40,121,161,83,39,34,10,71,742,0,0,-205,2025-04-07 11:37:37.144203,2024-25
40,Bruno Fernando,TOR,26,17,2,15,146.6,58,26,49,53.1,0,0,0.0,6,8,75.0,21,30,51,18,14,4,9,27,171,0,0,-22,2025-04-07 11:37:37.144203,2024-25
40,Bryce McGowens,POR,22,13,8,5,32.0,13,4,14,28.6,0,4,0.0,5,6,83.3,2,1,3,2,4,1,0,3,19,0,0,-4,2025-04-07 11:37:37.144203,2024-25
40,Bub Carrington,WAS,19,78,17,61,2312.7,749,278,690,40.3,129,380,33.9,64,78,82.1,32,289,321,334,129,53,19,180,1722,4,0,-776,2025-04-07 11:37:37.144203,2024-25
40,Buddy Hield,GSW,32,78,46,32,1777.0,869,312,744,41.9,192,517,37.1,53,64,82.8,48,203,251,132,91,69,22,123,1550,0,0,126,2025-04-07 11:37:37.144203,2024-25
40,CJ McCollum,NOP,33,56,17,39,1831.7,1183,444,1000,44.4,171,459,37.3,124,173,71.7,42,170,212,227,106,46,24,124,1882,0,0,-279,2025-04-07 11:37:37.144203,2024-25
40,Caleb Houstan,ORL,22,54,26,28,680.6,204,67,165,40.6,57,144,39.6,13,14,92.9,15,44,59,26,9,17,4,57,368,0,0,-67,2025-04-07 11:37:37.144203,2024-25
40,Caleb Martin,DAL,29,42,16,26,1154.6,333,120,280,42.9,35,98,35.7,58,92,63.0,48,119,167,90,52,42,23,81,811,1,0,-145,2025-04-07 11:37:37.144203,2024-25
40,Cam Christie,LAC,19,11,8,3,57.0,18,7,24,29.2,2,13,15.4,2,4,50.0,3,9,12,6,2,5,1,4,57,0,0,-3,2025-04-07 11:37:37.144203,2024-25
40,Cam Reddish,LAL,25,33,15,18,589.5,105,38,94,40.4,13,47,27.7,16,26,61.5,17,49,66,22,12,33,10,43,334,0,0,-91,2025-04-07 11:37:37.144203,2024-25
40,Cam Spencer,MEM,25,22,12,10,205.7,81,25,59,42.4,14,37,37.8,17,17,100,9,18,27,25,5,6,1,18,167,0,0,25,2025-04-07 11:37:37.144203,2024-25
40,Cam Thomas,BKN,23,25,8,17,781.2,599,199,454,43.8,68,195,34.9,133,151,88.1,15,68,83,94,62,15,2,44,829,1,0,-92,2025-04-07 11:37:37.144203,2024-25
40,Cam Whitmore,HOU,20,48,30,18,740.3,419,157,366,42.9,55,165,33.3,50,67,74.6,32,104,136,45,39,29,12,41,734,2,0,28,2025-04-07 11:37:37.144203,2024-25
40,Cameron Johnson,BKN,29,57,21,36,1799.8,1070,355,747,47.5,159,408,39.0,201,225,89.3,54,193,247,194,99,53,25,104,1792,2,0,-200,2025-04-07 11:37:37.144203,2024-25
40,Cameron Payne,NYK,30,68,45,23,1015.6,465,167,413,40.4,88,243,36.2,43,48,89.6,14,86,100,192,46,36,15,103,980,0,0,181,2025-04-07 11:37:37.144203,2024-25
40,Caris LeVert,ATL,30,61,44,17,1516.1,728,263,566,46.5,100,269,37.2,102,143,71.3,38,152,190,206,73,55,32,91,1453,1,0,254,2025-04-07 11:37:37.144203,2024-25
40,Cason Wallace,OKC,21,67,54,13,1849.7,557,227,481,47.2,73,206,35.4,30,36,83.3,71,156,227,172,59,118,35,143,1487,0,0,354,2025-04-07 11:37:37.144203,2024-25
40,Charles Bassey,SAS,24,36,14,22,375.5,157,68,117,58.1,0,0,0.0,21,33,63.6,56,96,152,17,23,14,30,50,474,2,0,-129,2025-04-07 11:37:37.144203,2024-25
40,Chet Holmgren,OKC,22,30,24,6,821.7,443,157,317,49.5,42,111,37.8,87,118,73.7,45,198,243,57,54,22,69,68,1039,10,0,273,2025-04-07 11:37:37.144203,2024-25
40,Chris Boucher,TOR,32,50,18,32,862.3,502,182,370,49.2,70,193,36.3,68,87,78.2,70,154,224,33,29,24,25,68,938,3,0,5,2025-04-07 11:37:37.144203,2024-25
40,Chris Duarte,CHI,27,17,4,13,74.5,36,12,26,46.2,6,15,40.0,6,8,75.0,5,15,20,9,1,0,0,7,73,0,0,12,2025-04-07 11:37:37.144203,2024-25
40,Chris Livingston,MIL,21,19,13,6,81.1,22,7,23,30.4,0,7,0.0,8,12,66.7,9,17,26,2,5,5,0,5,66,0,0,-24,2025-04-07 11:37:37.144203,2024-25
40,Chris Paul,SAS,39,78,32,46,2190.2,687,236,551,42.8,134,354,37.9,81,87,93.1,31,251,282,591,121,98,20,143,2145,12,0,27,2025-04-07 11:37:37.144203,2024-25
40,Christian Braun,DEN,23,76,45,31,2573.6,1170,458,793,57.8,86,216,39.8,168,204,82.4,97,300,397,192,80,84,36,163,2214,6,0,416,2025-04-07 11:37:37.144203,2024-25
40,Christian Koloko,LAL,24,35,23,12,320.3,84,38,62,61.3,0,3,0.0,8,10,80.0,32,51,83,16,12,7,11,41,250,0,0,-7,2025-04-07 11:37:37.144203,2024-25
40,Chuma Okeke,CLE,26,7,1,6,171.4,48,18,33,54.5,10,22,45.5,2,3,66.7,20,23,43,13,3,5,3,5,140,1,0,-34,2025-04-07 11:37:37.144203,2024-25
40,Clint Capela,ATL,30,55,27,28,1176.4,488,218,390,55.9,0,1,0.0,52,97,53.6,174,295,469,62,47,34,53,106,1358,11,0,-79,2025-04-07 11:37:37.144203,2024-25
40,Coby White,CHI,25,71,32,39,2367.7,1473,496,1090,45.5,215,575,37.4,266,296,89.9,24,231,255,318,168,68,13,148,2331,2,0,-160,2025-04-07 11:37:37.144203,2024-25
40,Cody Martin,PHX,29,50,15,35,1137.4,350,133,316,42.1,43,148,29.1,41,59,69.5,53,164,217,102,49,55,30,92,969,0,0,-76,2025-04-07 11:37:37.144203,2024-25
40,Cody Williams,UTA,20,50,9,41,1059.6,230,83,257,32.3,35,135,25.9,29,40,72.5,27,86,113,59,44,23,16,95,527,0,0,-339,2025-04-07 11:37:37.144203,2024-25
40,Colby Jones,WAS,22,35,11,24,376.6,119,44,91,48.4,14,37,37.8,17,25,68.0,16,42,58,28,17,22,12,28,316,0,0,-71,2025-04-07 11:37:37.144203,2024-25
40,Cole Anthony,ORL,24,63,32,31,1168.7,602,220,521,42.2,71,204,34.8,91,110,82.7,44,148,192,179,99,44,29,144,1221,0,0,-20,2025-04-07 11:37:37.144203,2024-25
40,Cole Swider,TOR,25,9,4,5,143.6,51,19,55,34.5,13,42,31.0,0,1,0.0,4,20,24,1,3,4,1,11,93,0,0,25,2025-04-07 11:37:37.144203,2024-25
40,Colin Castleton,PHI,24,22,14,8,336.1,91,33,77,42.9,2,15,13.3,23,30,76.7,38,54,92,23,22,7,9,38,262,0,0,-37,2025-04-07 11:37:37.144203,2024-25
40,Collin Gillespie,PHX,25,29,11,18,363.3,146,52,120,43.3,28,64,43.8,14,16,87.5,17,42,59,65,13,13,4,26,352,1,0,-1,2025-04-07 11:37:37.144203,2024-25
40,Collin Sexton,UTA,26,62,13,49,1738.2,1144,410,853,48.1,110,270,40.7,214,248,86.3,60,111,171,259,157,45,6,141,1734,2,0,-281,2025-04-07 11:37:37.144203,2024-25
40,Corey Kispert,WAS,26,61,14,47,1601.5,705,255,565,45.1,120,330,36.4,75,88,85.2,36,145,181,103,64,26,14,98,1133,0,0,-274,2025-04-07 11:37:37.144203,2024-25
40,Cory Joseph,ORL,33,47,23,24,560.8,164,57,142,40.1,36,98,36.7,14,18,77.8,15,52,67,63,17,23,4,47,403,0,0,24,2025-04-07 11:37:37.144203,2024-25
40,Craig Porter Jr.,CLE,25,48,39,9,421.8,141,54,99,54.5,16,35,45.7,17,23,73.9,13,41,54,62,25,16,13,21,361,0,0,3,2025-04-07 11:37:37.144203,2024-25
40,Cui Yongxi,BKN,21,5,2,3,10.3,3,1,7,14.3,0,3,0.0,1,2,50.0,0,2,2,0,0,0,0,0,5,0,0,2,2025-04-07 11:37:37.144203,2024-25
40,D'Angelo Russell,BKN,29,58,26,32,1480.4,732,249,638,39.0,113,360,31.4,121,145,83.4,20,142,162,297,108,56,23,115,1501,4,0,0,2025-04-07 11:37:37.144203,2024-25
40,D.J. Carton,TOR,24,4,1,3,33.4,3,1,7,14.3,0,3,0.0,1,1,100,0,4,4,3,4,2,0,1,14,0,0,12,2025-04-07 11:37:37.144203,2024-25
40,DaQuan Jeffries,CHA,27,43,9,34,954.1,286,106,259,40.9,50,144,34.7,24,29,82.8,33,86,119,49,32,24,23,95,611,0,0,-193,2025-04-07 11:37:37.144203,2024-25
40,Daeqwon Plowden,ATL,26,4,1,3,38.8,24,8,11,72.7,6,9,66.7,2,2,100,3,4,7,0,1,0,0,6,31,0,0,20,2025-04-07 11:37:37.144203,2024-25
40,Daishen Nix,MIN,23,3,3,0,13.2,1,0,1,0.0,0,1,0.0,1,2,50.0,0,4,4,3,4,0,0,1,6,0,0,9,2025-04-07 11:37:37.144203,2024-25
40,Dalano Banton,POR,25,64,27,37,1018.2,522,185,457,40.5,68,198,34.3,84,116,72.4,29,95,124,143,75,41,32,52,1029,0,0,-44,2025-04-07 11:37:37.144203,2024-25
40,Dalen Terry,CHI,22,70,31,39,929.4,305,112,248,45.2,34,93,36.6,47,67,70.1,38,79,117,92,49,41,15,108,702,0,0,-150,2025-04-07 11:37:37.144203,2024-25
40,Dalton Knecht,LAL,23,74,45,29,1436.4,669,244,528,46.2,121,325,37.2,60,80,75.0,34,170,204,66,35,24,6,91,1068,0,0,-49,2025-04-07 11:37:37.144203,2024-25
40,Damion Baugh,CHA,24,12,1,11,304.1,93,36,109,33.0,10,45,22.2,11,13,84.6,10,26,36,46,23,14,1,20,227,0,0,-159,2025-04-07 11:37:37.144203,2024-25
40,Damion Lee,PHX,32,21,5,16,124.4,69,21,63,33.3,7,31,22.6,20,21,95.2,2,13,15,10,8,5,0,5,109,0,0,28,2025-04-07 11:37:37.144203,2024-25
40,Daniel Gafford,DAL,26,54,27,27,1172.6,659,267,383,69.7,0,0,0.0,125,183,68.3,147,221,368,75,63,22,97,145,1507,8,0,39,2025-04-07 11:37:37.144203,2024-25
40,Daniel Theis,NOP,33,38,10,28,621.2,162,61,129,47.3,9,37,24.3,31,37,83.8,44,120,164,60,25,18,20,70,538,1,0,-61,2025-04-07 11:37:37.144203,2024-25
40,Daniss Jenkins,DET,23,6,3,3,12.1,5,2,6,33.3,1,5,20.0,0,0,0.0,0,0,0,0,1,0,0,2,4,0,0,-13,2025-04-07 11:37:37.144203,2024-25
40,Danté Exum,DAL,29,18,6,12,344.1,164,60,125,48.0,21,47,44.7,23,31,74.2,4,26,30,50,19,12,3,31,301,0,0,-64,2025-04-07 11:37:37.144203,2024-25
40,Dario Šarić,DEN,30,16,7,9,210.4,56,21,58,36.2,7,26,26.9,7,10,70.0,14,36,50,23,15,7,1,19,160,1,0,-49,2025-04-07 11:37:37.144203,2024-25
40,Dariq Whitehead,BKN,20,16,5,11,180.6,91,31,77,40.3,26,60,43.3,3,5,60.0,3,19,22,9,13,4,1,13,133,0,0,-56,2025-04-07 11:37:37.144203,2024-25
40,Darius Garland,CLE,25,73,58,15,2238.8,1490,534,1140,46.8,205,514,39.9,217,246,88.2,46,164,210,488,185,88,11,141,2586,6,0,470,2025-04-07 11:37:37.144203,2024-25
40,David Duke Jr.,SAS,25,4,0,4,17.6,5,2,7,28.6,0,1,0.0,1,2,50.0,0,3,3,3,1,0,0,1,12,0,0,11,2025-04-07 11:37:37.144203,2024-25
40,David Roddy,HOU,24,30,9,21,374.9,140,52,112,46.4,18,54,33.3,18,22,81.8,13,66,79,33,21,14,8,19,329,0,0,-64,2025-04-07 11:37:37.144203,2024-25
40,Davion Mitchell,MIA,26,70,23,47,1914.6,544,206,444,46.4,81,202,40.1,51,75,68.0,33,121,154,335,123,65,14,175,1345,1,0,-38,2025-04-07 11:37:37.144203,2024-25
40,Day'Ron Sharpe,BKN,23,50,14,36,907.5,397,165,317,52.1,11,45,24.4,56,74,75.7,149,181,330,91,63,41,42,113,1116,4,0,64,2025-04-07 11:37:37.144203,2024-25
40,De'Aaron Fox,SAS,27,62,27,35,2241.1,1459,539,1163,46.3,118,381,31.0,263,318,82.7,54,244,298,392,174,91,25,164,2579,9,0,-69,2025-04-07 11:37:37.144203,2024-25
40,De'Andre Hunter,CLE,27,62,37,25,1681.7,1048,342,728,47.0,152,373,40.8,212,248,85.5,43,201,244,86,78,45,12,152,1563,1,0,57,2025-04-07 11:37:37.144203,2024-25
40,De'Anthony Melton,BKN,26,6,4,2,121.0,62,22,54,40.7,13,35,37.1,5,8,62.5,6,14,20,17,10,7,2,18,129,1,0,27,2025-04-07 11:37:37.144203,2024-25
40,DeAndre Jordan,DEN,36,53,34,19,662.5,197,86,133,64.7,0,0,0.0,25,60,41.7,79,193,272,53,40,15,24,72,680,3,0,-34,2025-04-07 11:37:37.144203,2024-25
40,DeMar DeRozan,SAC,35,73,36,37,2623.4,1627,592,1227,48.2,82,240,34.2,361,420,86.0,46,241,287,323,100,62,30,141,2632,3,0,110,2025-04-07 11:37:37.144203,2024-25
40,Dean Wade,CLE,28,56,45,11,1175.7,302,106,257,41.2,75,212,35.4,15,28,53.6,51,189,240,71,20,39,20,95,854,1,0,265,2025-04-07 11:37:37.144203,2024-25
40,Deandre Ayton,POR,26,40,17,23,1205.6,576,265,468,56.6,6,32,18.8,40,60,66.7,124,282,406,64,69,31,39,88,1300,20,0,-162,2025-04-07 11:37:37.144203,2024-25
40,Delon Wright,NYK,32,38,21,17,600.8,120,43,124,34.7,20,69,29.0,14,24,58.3,25,39,64,72,22,33,12,23,418,0,0,1,2025-04-07 11:37:37.144203,2024-25
40,Dennis Schröder,DET,31,72,36,36,2017.7,955,327,804,40.7,124,364,34.1,177,209,84.7,24,166,190,393,138,65,12,174,1866,7,0,-57,2025-04-07 11:37:37.144203,2024-25
40,Dereck Lively II,DAL,21,34,20,14,799.7,298,126,181,69.6,0,0,0.0,46,73,63.0,101,158,259,85,39,19,56,97,922,7,0,109,2025-04-07 11:37:37.144203,2024-25
40,Derrick Jones Jr.,LAC,28,73,44,29,1769.6,741,293,556,52.7,74,204,36.3,81,115,70.4,88,164,252,57,62,76,32,148,1391,0,0,249,2025-04-07 11:37:37.144203,2024-25
40,Derrick White,BOS,30,74,56,18,2496.8,1215,411,933,44.1,258,672,38.4,135,161,83.9,62,268,330,345,125,70,76,137,2442,4,0,526,2025-04-07 11:37:37.144203,2024-25
40,Devin Booker,PHX,28,72,34,38,2697.5,1864,630,1371,46.0,182,540,33.7,422,471,89.6,73,220,293,506,208,66,14,193,3007,15,0,-163,2025-04-07 11:37:37.144203,2024-25
40,Devin Carter,SAC,23,32,16,16,318.3,115,38,102,37.3,14,52,26.9,25,42,59.5,15,50,65,36,15,17,3,31,292,0,0,11,2025-04-07 11:37:37.144203,2024-25
40,Devin Vassell,SAS,24,62,23,39,1930.5,1023,387,870,44.5,154,415,37.1,95,119,79.8,33,216,249,178,83,81,33,105,1848,2,0,-241,2025-04-07 11:37:37.144203,2024-25
40,Dillon Brooks,HOU,29,74,49,25,2366.1,1045,381,886,43.0,184,463,39.7,99,121,81.8,75,199,274,127,76,60,16,240,1716,0,0,224,2025-04-07 11:37:37.144203,2024-25
40,Dillon Jones,OKC,23,50,41,9,461.4,112,42,117,35.9,13,58,22.4,15,26,57.7,28,73,101,53,21,13,3,45,340,0,0,46,2025-04-07 11:37:37.144203,2024-25
40,Dominick Barlow,ATL,21,31,10,21,335.0,131,53,103,51.5,7,25,28.0,18,26,69.2,32,45,77,17,5,9,16,42,319,1,0,-29,2025-04-07 11:37:37.144203,2024-25
40,Donovan Clingan,POR,21,64,28,36,1244.9,400,164,307,53.4,14,46,30.4,58,95,61.1,200,291,491,69,70,33,105,178,1437,6,0,0,2025-04-07 11:37:37.144203,2024-25
40,Donovan Mitchell,CLE,28,71,55,16,2232.0,1701,585,1320,44.3,233,633,36.8,298,362,82.3,57,265,322,354,149,95,17,140,2805,6,0,522,2025-04-07 11:37:37.144203,2024-25
40,Donte DiVincenzo,MIN,28,58,34,24,1502.0,666,229,554,41.3,159,409,38.9,49,62,79.0,30,186,216,213,90,71,16,103,1416,1,0,145,2025-04-07 11:37:37.144203,2024-25
40,Dorian Finney-Smith,LAL,31,60,34,26,1723.9,514,183,410,44.6,118,292,40.4,30,45,66.7,76,164,240,83,56,54,22,134,1099,0,0,277,2025-04-07 11:37:37.144203,2024-25
40,Doug McDermott,SAC,33,39,19,20,309.5,132,45,104,43.3,39,90,43.3,3,5,60.0,2,17,19,4,6,4,2,28,173,0,0,18,2025-04-07 11:37:37.144203,2024-25
40,Drew Eubanks,LAC,28,58,22,36,728.0,276,114,189,60.3,3,6,50.0,45,69,65.2,57,162,219,53,39,12,38,60,729,0,0,-120,2025-04-07 11:37:37.144203,2024-25
40,Drew Peterson,BOS,25,22,15,7,158.9,44,14,32,43.8,10,25,40.0,6,7,85.7,6,25,31,13,6,5,2,14,116,0,0,53,2025-04-07 11:37:37.144203,2024-25
40,Drew Timme,BKN,24,5,2,3,124.8,58,25,49,51.0,3,15,20.0,5,6,83.3,10,17,27,9,8,4,1,9,111,1,0,-44,2025-04-07 11:37:37.144203,2024-25
40,Dru Smith,MIA,27,14,8,6,268.2,87,31,61,50.8,16,30,53.3,9,12,75.0,12,24,36,23,17,21,6,30,229,0,0,38,2025-04-07 11:37:37.144203,2024-25
40,Duncan Robinson,MIA,30,70,28,42,1702.8,767,273,630,43.3,177,455,38.9,44,50,88.0,17,143,160,171,82,39,5,131,1266,0,0,42,2025-04-07 11:37:37.144203,2024-25
40,Duop Reath,POR,28,45,19,26,463.5,194,70,164,42.7,34,105,32.4,20,22,90.9,43,46,89,26,16,12,14,41,402,0,0,-54,2025-04-07 11:37:37.144203,2024-25
40,Dwight Powell,DAL,33,52,24,28,529.8,108,40,57,70.2,1,3,33.3,27,41,65.9,46,69,115,55,18,17,21,74,425,0,0,-4,2025-04-07 11:37:37.144203,2024-25
40,Dyson Daniels,ATL,22,73,35,38,2472.3,1040,440,891,49.4,80,229,34.9,80,134,59.7,120,305,425,313,145,222,51,172,2694,9,0,-87,2025-04-07 11:37:37.144203,2024-25
40,E.J. Liddell,CHI,24,9,4,5,36.9,15,5,10,50.0,3,8,37.5,2,2,100,1,4,5,3,2,1,1,10,30,0,0,-7,2025-04-07 11:37:37.144203,2024-25
40,Elfrid Payton,NOP,31,20,3,17,415.1,73,36,102,35.3,0,2,0.0,1,3,33.3,10,47,57,125,51,21,9,32,368,1,0,-92,2025-04-07 11:37:37.144203,2024-25
40,Elijah Harkless,UTA,25,10,1,9,138.0,32,11,35,31.4,7,25,28.0,3,6,50.0,9,12,21,8,3,10,1,18,99,0,0,31,2025-04-07 11:37:37.144203,2024-25
40,Emanuel Miller,CHI,24,3,2,1,7.2,4,1,3,33.3,0,1,0.0,2,2,100,0,1,1,1,0,0,0,0,7,0,0,-13,2025-04-07 11:37:37.144203,2024-25
40,Emoni Bates,CLE,21,8,8,0,29.6,9,3,17,17.6,3,13,23.1,0,0,0.0,0,1,1,4,0,1,0,2,19,0,0,-16,2025-04-07 11:37:37.144203,2024-25
40,Enrique Freeman,IND,24,20,6,14,139.5,34,12,25,48.0,1,6,16.7,9,15,60.0,6,13,19,8,5,2,2,18,76,0,0,-53,2025-04-07 11:37:37.144203,2024-25
40,Eric Gordon,PHI,36,39,12,27,768.5,266,87,204,42.6,56,137,40.9,36,48,75.0,8,38,46,65,28,26,12,32,505,0,0,-72,2025-04-07 11:37:37.144203,2024-25
40,Evan Mobley,CLE,23,69,56,13,2102.4,1279,494,878,56.3,81,219,37.0,210,289,72.7,154,483,637,217,139,58,112,138,2740,35,0,540,2025-04-07 11:37:37.144203,2024-25
40,Franz Wagner,ORL,23,58,31,27,1957.7,1404,520,1124,46.3,100,341,29.3,264,304,86.8,54,274,328,276,135,71,20,145,2350,3,0,228,2025-04-07 11:37:37.144203,2024-25
40,Fred VanVleet,HOU,31,59,41,18,2084.1,829,282,746,37.8,156,453,34.4,109,134,81.3,32,189,221,330,84,93,25,138,1859,4,0,284,2025-04-07 11:37:37.144203,2024-25
40,GG Jackson,MEM,20,26,17,9,417.8,196,69,181,38.1,30,89,33.7,28,38,73.7,26,59,85,26,28,11,5,28,357,0,0,-78,2025-04-07 11:37:37.144203,2024-25
40,Gabe Vincent,LAL,28,69,44,25,1464.0,453,165,405,40.7,108,297,36.4,15,21,71.4,20,70,90,95,41,49,13,149,849,0,0,49,2025-04-07 11:37:37.144203,2024-25
40,Garrett Temple,TOR,38,25,10,15,182.5,32,9,42,21.4,5,20,25.0,9,10,90.0,5,19,24,26,10,14,2,23,138,0,0,-18,2025-04-07 11:37:37.144203,2024-25
40,Garrison Mathews,ATL,28,46,20,26,792.9,341,98,248,39.5,82,211,38.9,63,77,81.8,13,70,83,59,29,26,14,79,620,0,0,-68,2025-04-07 11:37:37.144203,2024-25
40,Gary Harris,ORL,30,44,25,19,654.6,114,40,117,34.2,27,90,30.0,7,12,58.3,19,42,61,28,14,25,12,44,326,0,0,59,2025-04-07 11:37:37.144203,2024-25
40,Gary Payton II,GSW,32,60,35,25,888.2,396,169,292,57.9,31,94,33.0,27,38,71.1,52,126,178,79,35,49,17,103,891,0,0,35,2025-04-07 11:37:37.144203,2024-25
40,Gary Trent Jr.,MIL,26,71,41,30,1819.5,791,272,627,43.4,171,411,41.6,76,90,84.4,20,145,165,80,41,68,4,120,1284,0,0,23,2025-04-07 11:37:37.144203,2024-25
40,Georges Niang,ATL,31,76,53,23,1641.5,748,272,591,46.0,158,392,40.3,46,58,79.3,46,222,268,110,77,28,13,194,1281,1,0,180,2025-04-07 11:37:37.144203,2024-25
40,Goga Bitadze,ORL,25,67,36,31,1360.2,475,197,318,61.9,3,25,12.0,78,123,63.4,158,285,443,128,69,47,95,144,1556,15,0,31,2025-04-07 11:37:37.144203,2024-25
40,Gradey Dick,TOR,21,54,15,39,1587.4,777,265,647,41.0,114,326,35.0,133,155,85.8,44,149,193,98,83,48,10,120,1247,0,0,-210,2025-04-07 11:37:37.144203,2024-25
40,Grant Williams,CHA,26,16,6,10,479.0,166,54,123,43.9,27,74,36.5,31,37,83.8,18,64,82,37,28,18,13,46,385,0,0,10,2025-04-07 11:37:37.144203,2024-25
40,Grayson Allen,PHX,29,60,28,32,1445.6,629,200,452,44.2,139,329,42.2,90,110,81.8,31,150,181,124,66,50,19,88,1173,1,0,-56,2025-04-07 11:37:37.144203,2024-25
40,Guerschon Yabusele,PHI,29,70,23,47,1894.7,768,282,563,50.1,104,274,38.0,100,138,72.5,134,261,395,148,87,58,24,164,1623,3,0,-118,2025-04-07 11:37:37.144203,2024-25
40,Gui Santos,GSW,22,53,34,19,727.2,220,79,170,46.5,33,97,34.0,29,40,72.5,67,95,162,76,39,22,9,88,582,0,0,160,2025-04-07 11:37:37.144203,2024-25
40,Harrison Barnes,SAS,32,78,32,46,2114.4,947,328,651,50.4,142,335,42.4,149,187,79.7,96,195,291,131,47,32,14,71,1584,1,0,-30,2025-04-07 11:37:37.144203,2024-25
40,Harrison Ingram,SAS,22,3,0,3,17.3,2,1,3,33.3,0,1,0.0,0,0,0.0,1,4,5,1,0,1,0,2,13,0,0,16,2025-04-07 11:37:37.144203,2024-25
40,Haywood Highsmith,MIA,28,70,33,37,1722.1,442,165,358,46.1,81,211,38.4,31,43,72.1,64,169,233,104,52,68,37,158,1141,0,0,48,2025-04-07 11:37:37.144203,2024-25
40,Herbert Jones,NOP,26,20,5,15,648.1,205,75,172,43.6,22,72,30.6,33,40,82.5,22,56,78,65,35,37,9,66,499,0,0,-20,2025-04-07 11:37:37.144203,2024-25
40,Hunter Tyson,DEN,24,50,29,21,395.5,132,45,119,37.8,23,74,31.1,19,26,73.1,25,53,78,19,14,10,6,42,288,0,0,-85,2025-04-07 11:37:37.144203,2024-25
40,Immanuel Quickley,TOR,25,32,11,21,903.4,556,181,432,41.9,83,220,37.7,111,128,86.7,15,100,115,190,58,23,4,60,1002,2,0,-45,2025-04-07 11:37:37.144203,2024-25
40,Isaac Jones,SAC,24,37,17,20,285.7,130,52,80,65.0,3,8,37.5,23,36,63.9,20,32,52,12,15,4,9,29,234,0,0,-60,2025-04-07 11:37:37.144203,2024-25
40,Isaac Okoro,CLE,24,52,42,10,974.8,307,112,242,46.3,51,140,36.4,32,45,71.1,46,72,118,65,23,31,16,95,664,0,0,243,2025-04-07 11:37:37.144203,2024-25
40,Isaiah Collier,UTA,20,71,14,57,1839.1,615,234,555,42.2,42,169,24.9,105,154,68.2,32,203,235,446,208,66,16,149,1604,11,0,-403,2025-04-07 11:37:37.144203,2024-25
40,Isaiah Crawford,SAC,23,15,7,8,45.7,13,5,11,45.5,1,5,20.0,2,4,50.0,1,7,8,1,1,1,2,2,32,0,0,23,2025-04-07 11:37:37.144203,2024-25
40,Isaiah Hartenstein,OKC,26,56,48,8,1560.9,629,275,473,58.1,0,19,0.0,79,117,67.5,157,439,596,214,95,46,60,168,1888,28,0,399,2025-04-07 11:37:37.144203,2024-25
40,Isaiah Jackson,IND,23,5,1,4,83.9,35,14,23,60.9,0,0,0.0,7,14,50.0,11,17,28,5,5,3,8,14,104,0,0,10,2025-04-07 11:37:37.144203,2024-25
40,Isaiah Joe,OKC,25,70,59,11,1492.8,699,240,549,43.7,178,434,41.0,41,51,80.4,37,142,179,105,37,43,9,106,1190,0,0,496,2025-04-07 11:37:37.144203,2024-25
40,Isaiah Stevens,MIA,24,3,3,0,5.5,0,0,2,0.0,0,1,0.0,0,0,0.0,0,2,2,0,0,1,0,0,5,0,0,4,2025-04-07 11:37:37.144203,2024-25
40,Isaiah Stewart,DET,23,70,37,33,1383.8,427,174,308,56.5,16,49,32.7,63,83,75.9,127,261,388,118,66,28,98,174,1382,2,0,8,2025-04-07 11:37:37.144203,2024-25
40,Isaiah Wong,CHA,24,20,2,18,265.5,120,41,105,39.0,13,33,39.4,25,34,73.5,14,18,32,28,18,11,0,21,215,0,0,-6,2025-04-07 11:37:37.144203,2024-25
40,Ivica Zubac,LAC,28,76,46,30,2472.8,1257,553,886,62.4,0,0,0.0,151,231,65.4,285,666,951,196,122,52,89,165,2993,55,0,461,2025-04-07 11:37:37.144203,2024-25
40,JD Davison,BOS,22,13,11,2,56.5,22,7,16,43.8,3,10,30.0,5,7,71.4,1,7,8,6,9,3,1,1,44,0,0,-40,2025-04-07 11:37:37.144203,2024-25
40,JT Thor,WAS,22,17,10,7,195.5,61,22,48,45.8,6,18,33.3,11,16,68.8,15,21,36,6,8,7,6,16,144,0,0,-56,2025-04-07 11:37:37.144203,2024-25
40,Ja'Kobe Walter,TOR,20,52,19,33,1103.2,449,159,393,40.5,65,186,34.9,66,83,79.5,59,101,160,81,50,43,10,95,872,1,0,-83,2025-04-07 11:37:37.144203,2024-25
40,Jabari Smith Jr.,HOU,21,57,40,17,1715.6,698,248,566,43.8,98,277,35.4,104,126,82.5,105,294,399,60,61,25,41,123,1404,8,0,250,2025-04-07 11:37:37.144203,2024-25
40,Jabari Walker,POR,22,57,22,35,672.3,269,101,199,50.8,26,66,39.4,41,60,68.3,56,140,196,35,28,30,6,80,637,1,0,18,2025-04-07 11:37:37.144203,2024-25
40,Jack McVeigh,HOU,28,7,5,2,28.4,14,5,13,38.5,4,10,40.0,0,0,0.0,1,3,4,1,1,0,1,1,22,0,0,7,2025-04-07 11:37:37.144203,2024-25
40,Jackson Rowe,GSW,28,5,3,2,42.7,16,6,15,40.0,2,9,22.2,2,4,50.0,0,8,8,3,1,3,0,4,38,0,0,14,2025-04-07 11:37:37.144203,2024-25
40,Jacob Toppin,ATL,24,16,12,4,48.6,6,3,10,30.0,0,2,0.0,0,0,0.0,2,9,11,4,2,2,0,3,29,0,0,-18,2025-04-07 11:37:37.144203,2024-25
40,Jaden Hardy,DAL,22,55,29,26,866.2,476,173,394,43.9,73,185,39.5,57,82,69.5,9,76,85,77,79,27,5,87,711,0,0,-18,2025-04-07 11:37:37.144203,2024-25
40,Jaden Ivey,DET,23,30,14,16,898.0,528,190,413,46.0,63,154,40.9,85,116,73.3,40,84,124,119,89,28,11,67,883,0,0,-62,2025-04-07 11:37:37.144203,2024-25
40,Jaden McDaniels,MIN,24,78,46,32,2501.7,958,379,796,47.6,98,292,33.6,102,124,82.3,125,330,455,157,86,106,70,217,2182,10,0,155,2025-04-07 11:37:37.144203,2024-25
40,Jaden Springer,UTA,22,40,21,19,292.9,100,32,72,44.4,11,37,29.7,25,36,69.4,12,33,45,27,12,22,4,36,261,0,0,-18,2025-04-07 11:37:37.144203,2024-25
40,Jae Crowder,SAC,34,9,3,6,102.8,23,7,22,31.8,4,15,26.7,5,6,83.3,6,14,20,6,4,3,0,10,61,0,0,-18,2025-04-07 11:37:37.144203,2024-25
40,Jae'Sean Tate,HOU,29,51,38,13,571.2,181,67,143,46.9,15,43,34.9,32,47,68.1,49,64,113,46,22,26,7,80,463,0,0,45,2025-04-07 11:37:37.144203,2024-25
40,Jahlil Okafor,IND,29,1,0,1,3.4,0,0,0,0.0,0,0,0.0,0,0,0.0,0,1,1,1,0,0,0,0,3,0,0,5,2025-04-07 11:37:37.144203,2024-25
40,Jahmir Young,CHI,24,3,2,1,8.9,0,0,1,0.0,0,1,0.0,0,0,0.0,0,1,1,1,0,0,0,1,3,0,0,-11,2025-04-07 11:37:37.144203,2024-25
40,Jake LaRavia,SAC,23,66,40,26,1349.3,458,160,337,47.5,60,142,42.3,78,115,67.8,90,169,259,158,86,62,23,132,1175,2,0,126,2025-04-07 11:37:37.144203,2024-25
40,Jakob Poeltl,TOR,29,57,21,36,1685.7,824,363,579,62.7,1,3,33.3,97,144,67.4,189,358,547,158,111,66,71,176,2017,23,0,-37,2025-04-07 11:37:37.144203,2024-25
40,Jalen Bridges,PHX,23,5,0,5,25.1,4,1,4,25.0,1,4,25.0,1,2,50.0,0,3,3,0,4,0,0,0,4,0,0,0,2025-04-07 11:37:37.144203,2024-25
40,Jalen Brunson,NYK,28,62,40,22,2196.7,1621,561,1147,48.9,141,369,38.2,358,434,82.5,25,158,183,458,156,59,6,134,2567,13,0,165,2025-04-07 11:37:37.144203,2024-25
40,Jalen Duren,DET,21,74,42,32,1940.4,879,360,521,69.1,0,0,0.0,159,234,67.9,263,505,768,194,130,52,86,241,2376,39,0,51,2025-04-07 11:37:37.144203,2024-25
40,Jalen Green,HOU,23,79,52,27,2646.1,1709,603,1413,42.7,232,654,35.5,271,334,81.1,44,327,371,274,197,70,27,126,2659,4,0,207,2025-04-07 11:37:37.144203,2024-25
40,Jalen Hood-Schifino,PHI,21,12,3,9,235.5,92,32,76,42.1,12,38,31.6,16,19,84.2,2,16,18,27,16,5,7,20,174,0,0,-70,2025-04-07 11:37:37.144203,2024-25
40,Jalen McDaniels,WAS,27,4,2,2,7.3,0,0,0,0.0,0,0,0.0,0,0,0.0,0,0,0,1,0,1,0,0,5,0,0,-1,2025-04-07 11:37:37.144203,2024-25
40,Jalen Smith,CHI,25,61,26,35,909.9,497,180,384,46.9,70,214,32.7,67,82,81.7,84,252,336,61,35,16,43,94,1134,2,0,-40,2025-04-07 11:37:37.144203,2024-25
40,Jalen Suggs,ORL,23,35,20,15,1002.5,567,197,481,41.0,76,242,31.4,97,110,88.2,23,118,141,129,102,51,33,98,1080,0,0,3,2025-04-07 11:37:37.144203,2024-25
40,Jalen Williams,OKC,23,67,53,14,2166.1,1431,541,1124,48.1,121,330,36.7,228,290,78.6,55,303,358,346,147,108,46,152,2695,3,0,430,2025-04-07 11:37:37.144203,2024-25
40,Jalen Wilson,BKN,24,75,24,51,1912.7,688,226,578,39.1,105,329,31.9,131,156,84.0,71,178,249,132,78,38,4,156,1233,0,0,-258,2025-04-07 11:37:37.144203,2024-25
40,Jamal Cain,NOP,26,33,6,27,395.8,118,41,105,39.0,17,61,27.9,19,30,63.3,20,44,64,18,15,18,9,37,288,0,0,-104,2025-04-07 11:37:37.144203,2024-25
40,Jamal Murray,DEN,28,65,39,26,2361.9,1405,520,1093,47.6,154,389,39.6,211,238,88.7,43,206,249,393,133,91,33,125,2532,5,0,301,2025-04-07 11:37:37.144203,2024-25
40,Jamal Shead,TOR,22,73,28,45,1397.2,513,197,480,41.0,69,209,33.0,50,65,76.9,28,83,111,302,111,56,10,152,1186,1,0,-204,2025-04-07 11:37:37.144203,2024-25
40,Jamaree Bouyea,MIL,25,3,2,1,8.2,2,1,1,100,0,0,0.0,0,0,0.0,0,0,0,1,2,1,0,0,5,0,0,-5,2025-04-07 11:37:37.144203,2024-25
40,James Johnson,IND,38,12,5,7,36.6,8,4,11,36.4,0,3,0.0,0,1,0.0,0,6,6,4,4,0,2,5,23,0,0,-9,2025-04-07 11:37:37.144203,2024-25
40,James Wiseman,IND,24,1,1,0,4.6,6,2,4,50.0,0,1,0.0,2,2,100,0,1,1,0,0,0,0,0,7,0,0,-4,2025-04-07 11:37:37.144203,2024-25
40,Jamison Battle,TOR,23,56,20,36,934.6,373,132,304,43.4,93,227,41.0,16,18,88.9,35,106,141,47,24,14,9,80,658,0,0,-168,2025-04-07 11:37:37.144203,2024-25
40,Jarace Walker,IND,21,71,42,29,1101.6,420,153,327,46.8,69,171,40.4,45,68,66.2,23,186,209,102,71,52,23,110,978,0,0,-108,2025-04-07 11:37:37.144203,2024-25
40,Jared Butler,PHI,24,56,5,51,934.3,476,179,398,45.0,52,145,35.9,66,82,80.5,21,75,96,200,70,34,11,87,956,1,0,-105,2025-04-07 11:37:37.144203,2024-25
40,Jared McCain,PHI,21,23,7,16,591.8,352,126,274,46.0,51,133,38.3,49,56,87.5,13,43,56,60,37,15,0,37,517,1,0,-27,2025-04-07 11:37:37.144203,2024-25
40,Jared Rhoden,TOR,25,13,7,6,196.4,95,34,75,45.3,9,34,26.5,18,21,85.7,13,22,35,12,8,10,2,18,183,1,0,38,2025-04-07 11:37:37.144203,2024-25
40,Jaren Jackson Jr.,MEM,25,71,41,30,2106.2,1586,573,1168,49.1,139,369,37.7,301,388,77.6,88,322,410,144,149,88,111,245,2742,6,0,345,2025-04-07 11:37:37.144203,2024-25
40,Jarred Vanderbilt,LAL,26,33,23,10,529.0,129,51,107,47.7,9,32,28.1,18,32,56.3,57,104,161,39,25,31,7,60,470,0,0,49,2025-04-07 11:37:37.144203,2024-25
40,Jarrett Allen,CLE,26,78,62,16,2217.5,1077,442,621,71.2,0,4,0.0,193,267,72.3,204,562,766,151,94,73,71,124,2561,39,0,486,2025-04-07 11:37:37.144203,2024-25
40,Javonte Green,CLE,31,64,22,42,1205.7,334,117,268,43.7,46,133,34.6,54,74,73.0,57,152,209,52,31,62,30,91,908,0,0,-215,2025-04-07 11:37:37.144203,2024-25
40,Jaxson Hayes,LAL,24,53,36,17,1040.6,366,154,213,72.3,0,3,0.0,58,90,64.4,72,185,257,56,42,29,49,130,950,2,0,96,2025-04-07 11:37:37.144203,2024-25
40,Jay Huff,MEM,27,61,35,26,712.1,414,147,290,50.7,78,193,40.4,42,54,77.8,27,96,123,36,31,14,50,75,777,0,0,11,2025-04-07 11:37:37.144203,2024-25
40,Jaylen Brown,BOS,28,62,45,17,2136.3,1392,516,1110,46.5,116,356,32.6,244,320,76.3,82,281,363,285,159,73,19,151,2372,5,0,404,2025-04-07 11:37:37.144203,2024-25
40,Jaylen Clark,MIN,23,36,25,11,494.8,156,56,118,47.5,22,51,43.1,22,29,75.9,25,23,48,24,8,36,2,60,356,0,0,29,2025-04-07 11:37:37.144203,2024-25
40,Jaylen Martin,WAS,21,15,3,12,209.0,70,28,65,43.1,7,20,35.0,7,7,100,9,31,40,14,10,5,0,11,144,0,0,-106,2025-04-07 11:37:37.144203,2024-25
40,Jaylen Nowell,NOP,25,8,1,7,168.1,67,26,73,35.6,8,27,29.6,7,11,63.6,6,14,20,18,8,1,4,9,125,0,0,-42,2025-04-07 11:37:37.144203,2024-25
40,Jaylen Sims,CHA,26,2,0,2,32.7,13,3,5,60.0,3,4,75.0,4,4,100,1,1,2,5,4,0,0,2,19,0,0,-10,2025-04-07 11:37:37.144203,2024-25
40,Jaylen Wells,MEM,21,78,46,32,2032.4,820,286,672,42.6,138,389,35.5,110,133,82.7,87,176,263,133,69,43,8,145,1419,1,0,165,2025-04-07 11:37:37.144203,2024-25
40,Jaylon Tyson,CLE,22,43,35,8,373.4,124,47,106,44.3,14,42,33.3,16,20,80.0,31,50,81,39,20,9,2,43,293,1,0,0,2025-04-07 11:37:37.144203,2024-25
40,Jazian Gortman,DAL,22,16,8,8,56.6,24,9,23,39.1,4,11,36.4,2,4,50.0,1,4,5,6,5,2,1,9,43,0,0,11,2025-04-07 11:37:37.144203,2024-25
40,Jeff Dowtin Jr.,PHI,27,39,9,30,562.4,253,100,204,49.0,24,61,39.3,29,39,74.4,12,48,60,72,14,20,11,27,512,0,0,-113,2025-04-07 11:37:37.144203,2024-25
40,Jeff Green,HOU,38,29,20,9,344.5,142,51,100,51.0,23,62,37.1,17,20,85.0,10,39,49,13,8,5,4,28,239,0,0,-16,2025-04-07 11:37:37.144203,2024-25
40,Jerami Grant,POR,31,47,22,25,1523.6,677,214,574,37.3,108,296,36.5,141,166,84.9,26,137,163,101,65,41,46,109,1220,0,0,-202,2025-04-07 11:37:37.144203,2024-25
40,Jeremiah Robinson-Earl,NOP,24,62,17,45,1120.5,376,140,301,46.5,51,144,35.4,45,53,84.9,94,179,273,76,42,36,7,73,905,2,0,-266,2025-04-07 11:37:37.144203,2024-25
40,Jeremy Sochan,SAS,21,54,21,33,1364.0,617,251,469,53.5,28,91,30.8,87,125,69.6,127,225,352,128,84,45,27,131,1363,8,0,-88,2025-04-07 11:37:37.144203,2024-25
40,Jericho Sims,MIL,26,53,34,19,631.2,98,45,71,63.4,0,0,0.0,8,13,61.5,71,126,197,33,33,10,19,65,438,0,0,25,2025-04-07 11:37:37.144203,2024-25
40,Jesse Edwards,MIN,25,2,2,0,4.7,0,0,0,0.0,0,0,0.0,0,0,0.0,0,0,0,1,0,0,0,2,2,0,0,-10,2025-04-07 11:37:37.144203,2024-25
40,Jett Howard,ORL,21,57,27,30,632.8,234,84,236,35.6,51,171,29.8,15,20,75.0,20,47,67,41,27,13,10,59,418,0,0,-85,2025-04-07 11:37:37.144203,2024-25
40,Jevon Carter,CHI,29,33,11,22,252.1,130,46,112,41.1,30,81,37.0,8,10,80.0,3,28,31,34,10,9,3,12,244,0,0,14,2025-04-07 11:37:37.144203,2024-25
40,Jock Landale,HOU,29,39,26,13,431.7,170,69,135,51.1,8,21,38.1,24,36,66.7,52,68,120,32,19,10,10,44,403,1,0,-23,2025-04-07 11:37:37.144203,2024-25
40,Joe Ingles,MIN,37,19,12,7,114.1,15,6,23,26.1,3,15,20.0,0,0,0.0,2,9,11,23,9,2,0,12,60,0,0,2,2025-04-07 11:37:37.144203,2024-25
40,John Collins,UTA,27,40,12,28,1220.5,758,280,531,52.7,59,148,39.9,139,164,84.8,89,238,327,80,103,39,40,116,1404,13,0,-16,2025-04-07 11:37:37.144203,2024-25
40,John Konchar,MEM,29,42,24,18,512.0,102,37,86,43.0,21,59,35.6,7,8,87.5,33,105,138,38,15,21,14,32,415,0,0,37,2025-04-07 11:37:37.144203,2024-25
40,Johnny Davis,WAS,23,34,4,30,241.7,80,32,78,41.0,7,29,24.1,9,15,60.0,10,28,38,11,7,15,6,18,198,0,0,-26,2025-04-07 11:37:37.144203,2024-25
40,Johnny Furphy,IND,20,47,29,18,299.1,71,24,66,36.4,12,38,31.6,11,11,100,20,36,56,11,9,14,10,32,218,0,0,3,2025-04-07 11:37:37.144203,2024-25
40,Johnny Juzang,UTA,24,61,14,47,1177.9,526,188,441,42.6,109,294,37.1,41,49,83.7,40,131,171,63,32,34,7,118,917,0,0,-303,2025-04-07 11:37:37.144203,2024-25
40,Jonas Valančiūnas,SAC,32,77,21,56,1470.8,800,329,602,54.7,8,36,22.2,134,154,87.0,181,419,600,158,115,37,45,172,1888,19,0,-316,2025-04-07 11:37:37.144203,2024-25
40,Jonathan Isaac,ORL,27,68,33,35,1040.6,351,124,305,40.7,38,146,26.0,65,96,67.7,112,183,295,33,28,59,74,83,1126,1,0,-41,2025-04-07 11:37:37.144203,2024-25
40,Jonathan Kuminga,GSW,22,44,26,18,1087.9,687,247,542,45.6,45,143,31.5,148,223,66.4,52,154,206,100,67,37,20,85,1188,2,0,-3,2025-04-07 11:37:37.144203,2024-25
40,Jonathan Mogbo,TOR,23,60,17,43,1175.2,355,141,310,45.5,16,58,27.6,57,78,73.1,99,180,279,117,61,47,32,128,1041,1,0,-245,2025-04-07 11:37:37.144203,2024-25
40,Jordan Clarkson,UTA,32,37,10,27,962.5,600,201,493,40.8,84,232,36.2,114,143,79.7,25,93,118,138,86,31,9,52,983,0,0,-204,2025-04-07 11:37:37.144203,2024-25
40,Jordan Goodwin,LAL,26,25,15,10,468.5,140,55,120,45.8,21,55,38.2,9,11,81.8,35,58,93,34,21,26,11,40,393,0,0,-7,2025-04-07 11:37:37.144203,2024-25
40,Jordan Hawkins,NOP,22,56,18,38,1320.5,604,207,556,37.2,110,332,33.1,80,98,81.6,25,133,158,66,58,30,23,51,994,0,0,-317,2025-04-07 11:37:37.144203,2024-25
40,Jordan McLaughlin,SAS,28,43,16,27,282.0,90,28,61,45.9,17,37,45.9,17,22,77.3,5,22,27,45,15,15,0,16,220,0,0,58,2025-04-07 11:37:37.144203,2024-25
40,Jordan Miller,LAC,25,35,19,16,418.3,152,58,134,43.3,8,38,21.1,28,35,80.0,23,35,58,34,24,17,5,26,315,0,0,-59,2025-04-07 11:37:37.144203,2024-25
40,Jordan Poole,WAS,25,67,15,52,1981.8,1372,450,1043,43.1,232,615,37.7,240,272,88.2,30,172,202,300,202,86,27,197,2201,1,0,-571,2025-04-07 11:37:37.144203,2024-25
40,Jordan Walsh,BOS,21,49,37,12,370.5,72,26,72,36.1,13,48,27.1,7,12,58.3,20,39,59,17,14,10,10,28,214,0,0,38,2025-04-07 11:37:37.144203,2024-25
40,Jose Alvarado,NOP,26,53,19,34,1286.7,535,190,480,39.6,104,284,36.6,51,64,79.7,26,103,129,251,75,70,13,88,1240,2,0,-163,2025-04-07 11:37:37.144203,2024-25
40,Josh Christopher,MIA,23,11,7,4,33.1,9,3,10,30.0,1,4,25.0,2,4,50.0,0,5,5,4,5,0,1,2,19,0,0,-4,2025-04-07 11:37:37.144203,2024-25
40,Josh Green,CHA,24,68,17,51,1887.5,506,180,421,42.8,97,248,39.1,49,72,68.1,56,116,172,108,70,74,15,165,1071,0,0,-364,2025-04-07 11:37:37.144203,2024-25
40,Josh Minott,MIN,22,44,30,14,272.1,112,43,89,48.3,13,42,31.0,13,15,86.7,12,34,46,18,11,15,12,34,264,0,0,-22,2025-04-07 11:37:37.144203,2024-25
40,Josh Okogie,CHA,26,37,11,26,567.1,247,83,185,44.9,26,74,35.1,55,72,76.4,43,61,104,28,28,47,16,44,575,1,0,14,2025-04-07 11:37:37.144203,2024-25
40,Josh Richardson,MIA,31,8,4,4,149.5,32,11,38,28.9,6,22,27.3,4,4,100,6,6,12,12,8,8,1,17,83,0,0,-31,2025-04-07 11:37:37.144203,2024-25
40,Jrue Holiday,BOS,34,60,45,15,1833.0,668,248,558,44.4,106,300,35.3,66,72,91.7,74,185,259,232,75,63,27,98,1522,1,0,316,2025-04-07 11:37:37.144203,2024-25
40,Julian Champagnie,SAS,23,78,32,46,1817.3,758,257,622,41.3,163,451,36.1,81,90,90.0,66,234,300,104,71,60,32,109,1479,0,0,-55,2025-04-07 11:37:37.144203,2024-25
40,Julian Phillips,CHI,21,75,34,41,1043.2,325,113,261,43.3,45,141,31.9,54,70,77.1,62,89,151,35,26,35,18,101,692,0,0,-1,2025-04-07 11:37:37.144203,2024-25
40,Julian Strawther,DEN,22,63,39,24,1362.3,578,208,478,43.5,94,266,35.3,68,82,82.9,16,119,135,81,57,38,16,148,967,0,0,-40,2025-04-07 11:37:37.144203,2024-25
40,Julius Randle,MIN,30,65,41,24,2093.2,1217,426,887,48.0,97,292,33.2,268,333,80.5,138,318,456,304,182,43,15,165,2212,12,0,136,2025-04-07 11:37:37.144203,2024-25
40,Justin Champagnie,WAS,23,58,15,43,1189.6,461,177,355,49.9,62,167,37.1,45,65,69.2,98,210,308,56,48,59,35,99,1149,5,0,-257,2025-04-07 11:37:37.144203,2024-25
40,Justin Edwards,PHI,21,44,11,33,1154.7,445,172,378,45.5,69,190,36.3,32,46,69.6,46,102,148,69,49,45,16,98,860,1,0,-280,2025-04-07 11:37:37.144203,2024-25
40,Justin Minaya,POR,26,16,7,9,60.5,9,4,10,40.0,1,6,16.7,0,2,0.0,2,4,6,4,2,3,1,9,32,0,0,-13,2025-04-07 11:37:37.144203,2024-25
40,Jusuf Nurkić,CHA,30,48,18,30,989.9,399,145,309,46.9,30,97,30.9,79,118,66.9,80,294,374,103,89,36,33,120,1120,10,0,-148,2025-04-07 11:37:37.144203,2024-25
40,KJ Martin,UTA,24,43,11,32,911.5,274,111,201,55.2,15,58,25.9,37,47,78.7,30,95,125,48,24,17,22,101,589,0,0,-142,2025-04-07 11:37:37.144203,2024-25
40,KJ Simpson,CHA,22,32,3,29,728.3,256,93,260,35.8,30,114,26.3,40,48,83.3,35,58,93,98,48,28,6,48,569,0,0,-179,2025-04-07 11:37:37.144203,2024-25
40,Kai Jones,DAL,24,39,20,19,442.1,187,82,102,80.4,1,4,25.0,22,30,73.3,38,79,117,23,16,14,23,50,457,1,0,-2,2025-04-07 11:37:37.144203,2024-25
40,Karlo Matković,NOP,24,40,12,28,734.8,293,121,212,57.1,18,58,31.0,33,42,78.6,63,132,195,45,39,20,39,99,733,3,0,-91,2025-04-07 11:37:37.144203,2024-25
40,Kawhi Leonard,LAC,33,34,23,11,1051.7,713,278,560,49.6,70,173,40.5,87,108,80.6,32,164,196,102,65,52,17,50,1243,4,0,255,2025-04-07 11:37:37.144203,2024-25
40,Keaton Wallace,ATL,26,29,13,16,460.3,153,58,140,41.4,26,73,35.6,11,11,100,7,32,39,65,30,23,9,36,363,0,0,-21,2025-04-07 11:37:37.144203,2024-25
40,Keegan Murray,SAC,24,74,35,39,2555.6,927,358,803,44.6,153,440,34.8,58,70,82.9,143,349,492,106,59,59,69,185,2001,11,0,27,2025-04-07 11:37:37.144203,2024-25
40,Keion Brooks Jr.,NOP,24,10,2,8,200.6,79,32,64,50.0,7,24,29.2,8,12,66.7,7,31,38,10,7,6,7,19,172,1,0,-69,2025-04-07 11:37:37.144203,2024-25
40,Kel'el Ware,MIA,20,60,26,34,1316.6,541,232,417,55.6,34,105,32.4,43,63,68.3,105,329,434,54,56,36,66,105,1393,13,0,19,2025-04-07 11:37:37.144203,2024-25
40,Keldon Johnson,SAS,25,74,29,45,1758.1,923,347,730,47.5,85,263,32.3,144,185,77.8,105,243,348,121,73,48,21,111,1656,3,0,-233,2025-04-07 11:37:37.144203,2024-25
40,Kelly Olynyk,NOP,33,43,12,31,869.1,376,133,263,50.6,33,78,42.3,77,100,77.0,61,144,205,125,76,33,18,120,887,2,0,-37,2025-04-07 11:37:37.144203,2024-25
40,Kelly Oubre Jr.,PHI,29,60,21,39,2078.2,906,348,741,47.0,71,242,29.3,139,185,75.1,97,271,368,108,80,92,30,180,1796,10,0,-258,2025-04-07 11:37:37.144203,2024-25
40,Kenrich Williams,OKC,30,65,54,11,1025.9,385,149,312,47.8,62,157,39.5,25,31,80.6,58,159,217,86,34,37,9,104,878,1,0,308,2025-04-07 11:37:37.144203,2024-25
40,Kentavious Caldwell-Pope,ORL,32,74,36,38,2234.0,656,233,531,43.9,110,320,34.4,80,92,87.0,33,131,164,133,60,95,34,136,1379,0,0,-3,2025-04-07 11:37:37.144203,2024-25
40,Keon Ellis,SAC,25,76,37,39,1817.6,630,214,440,48.6,131,302,43.4,71,84,84.5,57,140,197,114,68,116,58,165,1491,0,0,67,2025-04-07 11:37:37.144203,2024-25
40,Keon Johnson,BKN,23,76,25,51,1847.3,795,289,750,38.5,121,385,31.4,96,125,76.8,60,220,280,162,105,80,30,198,1599,0,0,-387,2025-04-07 11:37:37.144203,2024-25
40,Keshad Johnson,MIA,23,13,8,5,62.5,16,7,12,58.3,1,4,25.0,1,6,16.7,2,16,18,3,3,2,4,5,57,0,0,5,2025-04-07 11:37:37.144203,2024-25
40,Kessler Edwards,DAL,24,40,17,23,608.5,168,67,135,49.6,22,54,40.7,12,13,92.3,22,93,115,42,16,19,20,62,470,1,0,-158,2025-04-07 11:37:37.144203,2024-25
40,Kevin Durant,PHX,36,62,33,29,2264.7,1647,592,1124,52.7,160,372,43.0,303,361,83.9,23,351,374,263,190,50,77,104,2681,5,0,-38,2025-04-07 11:37:37.144203,2024-25
40,Kevin Huerter,CHI,26,66,36,30,1595.0,634,239,568,42.1,122,369,33.1,34,47,72.3,29,166,195,141,63,63,23,114,1275,0,0,78,2025-04-07 11:37:37.144203,2024-25
40,Kevin Knox II,GSW,25,12,9,3,71.4,34,14,28,50.0,3,11,27.3,3,4,75.0,6,9,15,4,2,2,4,5,74,0,0,-2,2025-04-07 11:37:37.144203,2024-25
40,Kevin Love,MIA,36,23,13,10,251.5,122,41,115,35.7,24,67,35.8,16,23,69.6,22,72,94,22,14,15,4,21,311,0,0,-25,2025-04-07 11:37:37.144203,2024-25
40,Kevin McCullar Jr.,NYK,24,3,3,0,7.7,2,1,3,33.3,0,0,0.0,0,0,0.0,0,0,0,0,0,0,0,3,2,0,0,-17,2025-04-07 11:37:37.144203,2024-25
40,Kevon Looney,GSW,29,72,43,29,1083.8,333,139,271,51.3,2,5,40.0,53,95,55.8,183,265,448,110,39,44,34,147,1231,2,0,93,2025-04-07 11:37:37.144203,2024-25
40,Keyonte George,UTA,21,64,12,52,1995.9,1081,345,871,39.6,169,485,34.8,222,273,81.3,26,215,241,356,169,44,9,107,1894,4,0,-497,2025-04-07 11:37:37.144203,2024-25
40,Khris Middleton,WAS,33,37,18,19,843.2,440,160,337,47.5,48,133,36.1,72,84,85.7,13,124,137,150,56,35,8,75,902,0,0,39,2025-04-07 11:37:37.144203,2024-25
40,Killian Hayes,BKN,23,6,1,5,162.3,54,18,43,41.9,8,21,38.1,10,12,83.3,5,13,18,31,9,4,4,13,137,0,0,-24,2025-04-07 11:37:37.144203,2024-25
40,Klay Thompson,DAL,35,70,32,38,1918.1,992,356,861,41.3,213,541,39.4,67,74,90.5,44,199,243,142,88,48,30,81,1643,0,0,-65,2025-04-07 11:37:37.144203,2024-25
40,Kobe Brown,LAC,25,38,23,15,261.0,72,31,70,44.3,5,25,20.0,5,7,71.4,19,43,62,24,12,7,4,23,203,0,0,-49,2025-04-07 11:37:37.144203,2024-25
40,Kobe Bufkin,ATL,21,10,6,4,123.6,53,18,47,38.3,4,19,21.1,13,18,72.2,5,16,21,17,8,3,2,9,111,0,0,-23,2025-04-07 11:37:37.144203,2024-25
40,Kris Dunn,LAC,31,70,41,29,1666.7,444,180,415,43.4,69,212,32.5,15,22,68.2,53,192,245,198,71,119,26,187,1399,0,0,208,2025-04-07 11:37:37.144203,2024-25
40,Kris Murray,POR,24,66,30,36,952.0,264,108,249,43.4,26,107,24.3,22,51,43.1,66,96,162,58,38,32,14,61,645,0,0,-58,2025-04-07 11:37:37.144203,2024-25
40,Kristaps Porziņģis,BOS,29,40,28,12,1153.0,773,264,544,48.5,93,230,40.4,152,187,81.3,67,208,275,82,51,30,62,113,1451,6,0,176,2025-04-07 11:37:37.144203,2024-25
40,Kyle Anderson,MIA,31,57,28,29,903.7,328,129,278,46.4,25,70,35.7,45,60,75.0,51,135,186,128,34,39,25,75,901,2,0,-40,2025-04-07 11:37:37.144203,2024-25
40,Kyle Filipowski,UTA,21,69,12,57,1427.8,630,234,471,49.7,72,203,35.5,90,138,65.2,101,305,406,131,95,44,16,156,1399,11,0,-320,2025-04-07 11:37:37.144203,2024-25
40,Kyle Kuzma,MIL,29,61,21,40,1849.3,905,348,812,42.9,85,293,29.0,124,196,63.3,50,310,360,148,139,34,18,114,1576,6,0,-437,2025-04-07 11:37:37.144203,2024-25
40,Kyle Lowry,PHI,39,34,14,20,639.2,133,39,112,34.8,28,84,33.3,27,33,81.8,11,55,66,95,21,33,11,61,466,0,0,-65,2025-04-07 11:37:37.144203,2024-25
40,Kylor Kelley,NOP,27,8,3,5,66.7,24,10,13,76.9,0,0,0.0,4,6,66.7,8,13,21,2,1,0,2,8,57,1,0,-36,2025-04-07 11:37:37.144203,2024-25
40,Kyrie Irving,DAL,33,50,28,22,1803.8,1234,447,945,47.3,144,359,40.1,196,214,91.6,60,180,240,231,111,66,23,101,2025,0,0,124,2025-04-07 11:37:37.144203,2024-25
40,Kyshawn George,WAS,21,64,14,50,1715.3,552,189,513,36.8,107,333,32.1,67,88,76.1,49,224,273,161,95,66,50,193,1374,1,0,-349,2025-04-07 11:37:37.144203,2024-25
40,LaMelo Ball,CHA,23,47,16,31,1504.5,1184,406,1003,40.5,179,528,33.9,193,229,84.3,47,185,232,346,167,54,13,157,2015,13,0,-130,2025-04-07 11:37:37.144203,2024-25
40,Lamar Stevens,MEM,27,13,5,8,110.8,40,14,35,40.0,5,16,31.3,7,9,77.8,3,26,29,5,7,5,3,11,99,0,0,39,2025-04-07 11:37:37.144203,2024-25
40,Landry Shamet,NYK,28,46,29,17,678.9,230,88,195,45.1,47,128,36.7,7,13,53.8,9,45,54,25,22,22,2,49,382,0,0,70,2025-04-07 11:37:37.144203,2024-25
40,Larry Nance Jr.,ATL,32,24,10,14,463.2,203,80,155,51.6,34,76,44.7,9,13,69.2,23,80,103,38,16,20,13,37,467,3,0,-95,2025-04-07 11:37:37.144203,2024-25
40,Lauri Markkanen,UTA,27,47,9,38,1475.8,892,296,700,42.3,138,399,34.6,162,185,87.6,72,206,278,70,66,33,17,79,1415,5,0,-186,2025-04-07 11:37:37.144203,2024-25
40,Leonard Miller,MIN,21,12,10,2,30.8,18,5,14,35.7,0,5,0.0,8,8,100,3,8,11,0,2,2,1,2,38,0,0,-14,2025-04-07 11:37:37.144203,2024-25
40,Lester Quinones,NOP,24,9,3,6,69.7,36,14,26,53.8,6,13,46.2,2,2,100,3,3,6,6,7,1,1,4,51,0,0,1,2025-04-07 11:37:37.144203,2024-25
40,Liam Robbins,MIL,25,13,8,5,57.0,9,2,8,25.0,0,2,0.0,5,10,50.0,7,5,12,2,6,2,2,9,32,0,0,-5,2025-04-07 11:37:37.144203,2024-25
40,Lindy Waters III,DET,27,51,27,24,743.0,238,86,233,36.9,58,170,34.1,8,11,72.7,20,84,104,51,20,26,10,61,527,0,0,10,2025-04-07 11:37:37.144203,2024-25
40,Lonnie Walker IV,PHI,26,16,2,14,348.1,151,56,140,40.0,26,82,31.7,13,17,76.5,5,46,51,42,17,8,4,16,294,1,0,-120,2025-04-07 11:37:37.144203,2024-25
40,Lonzo Ball,CHI,27,35,16,19,777.0,267,89,243,36.6,67,195,34.4,22,27,81.5,25,93,118,115,41,47,17,55,732,0,0,100,2025-04-07 11:37:37.144203,2024-25
40,Luguentz Dort,OKC,25,70,56,14,2042.4,702,252,582,43.3,165,405,40.7,33,44,75.0,88,202,290,113,51,77,39,205,1517,0,0,539,2025-04-07 11:37:37.144203,2024-25
40,Luka Garza,MIN,26,38,27,11,215.9,138,52,105,49.5,10,36,27.8,24,35,68.6,31,22,53,11,11,6,3,29,234,0,0,-3,2025-04-07 11:37:37.144203,2024-25
40,Luke Kennard,MEM,28,63,36,27,1432.2,564,202,422,47.9,111,254,43.7,49,55,89.1,36,139,175,210,71,49,5,55,1180,0,0,112,2025-04-07 11:37:37.144203,2024-25
40,Luke Kornet,BOS,29,69,50,19,1269.2,406,172,253,68.0,0,2,0.0,62,89,69.7,180,190,370,111,28,33,65,110,1283,3,0,373,2025-04-07 11:37:37.144203,2024-25
40,Luke Travers,CLE,23,10,9,1,56.8,8,3,11,27.3,0,4,0.0,2,2,100,5,7,12,5,5,1,1,5,31,0,0,-4,2025-04-07 11:37:37.144203,2024-25
40,Mac McClung,ORL,26,2,1,1,10.2,0,0,2,0.0,0,1,0.0,0,0,0.0,0,1,1,3,0,0,0,2,6,0,0,-2,2025-04-07 11:37:37.144203,2024-25
40,Malachi Flynn,CHA,26,4,2,2,43.7,16,5,13,38.5,1,4,25.0,5,6,83.3,3,4,7,7,4,3,0,4,40,0,0,1,2025-04-07 11:37:37.144203,2024-25
40,Malaki Branham,SAS,21,44,17,27,383.1,200,73,164,44.5,30,77,39.0,24,29,82.8,6,40,46,36,33,9,2,23,309,0,0,-51,2025-04-07 11:37:37.144203,2024-25
40,Malcolm Brogdon,WAS,32,24,6,18,564.1,305,104,240,43.3,16,56,28.6,81,92,88.0,21,70,91,98,38,13,5,30,577,2,0,-121,2025-04-07 11:37:37.144203,2024-25
40,Malevy Leons,OKC,25,6,6,0,21.0,2,0,2,0.0,0,1,0.0,2,4,50.0,1,2,3,1,1,0,0,4,6,0,0,-18,2025-04-07 11:37:37.144203,2024-25
40,Malik Beasley,DET,28,78,43,35,2180.8,1268,437,1018,42.9,301,724,41.6,93,135,68.9,47,164,211,133,82,72,5,120,1870,1,0,178,2025-04-07 11:37:37.144203,2024-25
40,Malik Monk,SAC,27,64,35,29,2047.7,1115,411,936,43.9,139,427,32.6,154,178,86.5,30,215,245,361,158,61,38,157,2090,4,0,118,2025-04-07 11:37:37.144203,2024-25
40,MarJon Beauchamp,NYK,24,34,18,16,151.4,75,26,64,40.6,10,29,34.5,13,18,72.2,11,29,40,10,15,4,1,14,138,0,0,13,2025-04-07 11:37:37.144203,2024-25
40,Marcus Bagley,PHI,23,6,0,6,120.9,27,12,30,40.0,0,13,0.0,3,4,75.0,10,21,31,2,2,3,7,6,95,0,0,-77,2025-04-07 11:37:37.144203,2024-25
40,Marcus Garrett,CHA,26,4,1,3,79.4,28,11,27,40.7,3,8,37.5,3,4,75.0,1,5,6,13,6,3,2,10,64,0,0,-39,2025-04-07 11:37:37.144203,2024-25
40,Marcus Sasser,DET,24,55,30,25,757.4,349,127,272,46.7,56,144,38.9,39,47,83.0,17,50,67,120,51,35,4,68,675,0,0,44,2025-04-07 11:37:37.144203,2024-25
40,Marcus Smart,WAS,31,34,17,17,680.3,305,101,257,39.3,49,141,34.8,54,71,76.1,18,54,72,109,54,39,9,53,645,0,0,42,2025-04-07 11:37:37.144203,2024-25
40,Mark Williams,CHA,23,42,9,33,1115.5,653,261,424,61.6,0,3,0.0,131,163,80.4,125,303,428,105,63,29,52,101,1504,20,0,-244,2025-04-07 11:37:37.144203,2024-25
40,Markelle Fultz,SAC,26,20,8,12,172.1,57,26,64,40.6,4,8,50.0,1,1,100,6,12,18,23,14,10,1,11,132,0,0,5,2025-04-07 11:37:37.144203,2024-25
40,Markieff Morris,LAL,35,14,7,7,131.6,45,16,60,26.7,8,33,24.2,5,6,83.3,3,16,19,15,3,1,2,12,96,0,0,-11,2025-04-07 11:37:37.144203,2024-25
40,Marvin Bagley III,MEM,26,28,5,23,231.5,111,44,87,50.6,3,16,18.8,20,31,64.5,33,39,72,8,11,8,8,15,246,0,0,-29,2025-04-07 11:37:37.144203,2024-25
40,Mason Jones,SAC,26,10,4,6,45.4,23,9,18,50.0,1,8,12.5,4,5,80.0,2,7,9,11,1,0,1,3,52,0,0,1,2025-04-07 11:37:37.144203,2024-25
40,Mason Plumlee,PHX,35,70,32,38,1227.4,314,119,194,61.3,0,3,0.0,76,116,65.5,112,324,436,126,57,31,45,148,1197,2,0,55,2025-04-07 11:37:37.144203,2024-25
40,Matas Buzelis,CHI,20,76,36,40,1403.9,625,230,516,44.6,87,247,35.2,78,96,81.3,52,208,260,69,66,25,70,125,1260,1,0,-53,2025-04-07 11:37:37.144203,2024-25
40,Matisse Thybulle,POR,28,12,7,5,222.7,74,29,65,44.6,14,35,40.0,2,4,50.0,9,30,39,20,8,26,6,8,239,0,0,7,2025-04-07 11:37:37.144203,2024-25
40,Matt Ryan,NYK,27,19,14,5,67.8,28,10,31,32.3,6,19,31.6,2,2,100,0,8,8,3,3,2,0,1,45,0,0,-40,2025-04-07 11:37:37.144203,2024-25
40,Max Christie,DAL,22,75,39,36,2030.3,707,236,558,42.3,111,300,37.0,124,144,86.1,37,207,244,139,79,62,28,113,1399,0,0,-64,2025-04-07 11:37:37.144203,2024-25
40,Max Strus,CLE,29,48,37,11,1212.5,443,155,351,44.2,105,274,38.3,28,34,82.4,53,154,207,151,48,26,10,99,978,0,0,210,2025-04-07 11:37:37.144203,2024-25
40,Maxi Kleber,LAL,33,34,18,16,636.9,103,37,96,38.5,13,49,26.5,16,21,76.2,25,70,95,43,23,9,17,66,337,0,0,-17,2025-04-07 11:37:37.144203,2024-25
40,Maxwell Lewis,BKN,22,25,8,17,283.2,101,39,93,41.9,18,44,40.9,5,8,62.5,17,29,46,16,10,8,6,23,212,0,0,-45,2025-04-07 11:37:37.144203,2024-25
40,Micah Potter,UTA,27,35,9,26,617.3,148,51,116,44.0,30,84,35.7,16,18,88.9,37,109,146,27,27,12,12,46,409,0,0,-78,2025-04-07 11:37:37.144203,2024-25
40,Michael Porter Jr.,DEN,26,74,44,30,2499.1,1351,511,1014,50.4,186,473,39.3,143,186,76.9,134,382,516,163,102,49,36,151,2368,15,0,248,2025-04-07 11:37:37.144203,2024-25
40,Mikal Bridges,NYK,28,78,50,28,2928.8,1396,573,1145,50.0,160,450,35.6,90,111,81.1,67,184,251,287,127,72,41,117,2340,1,0,361,2025-04-07 11:37:37.144203,2024-25
40,Mike Conley,MIN,37,67,41,26,1672.8,567,182,450,40.4,126,300,42.0,77,86,89.5,30,140,170,301,73,77,13,104,1420,1,0,249,2025-04-07 11:37:37.144203,2024-25
40,Miles McBride,NYK,24,60,38,22,1486.3,565,205,502,40.8,106,284,37.3,49,60,81.7,44,105,149,171,39,58,17,98,1186,0,0,200,2025-04-07 11:37:37.144203,2024-25
40,Miles Norris,BOS,24,1,1,0,4.0,0,0,0,0.0,0,0,0.0,0,0,0.0,0,2,2,0,0,0,0,0,2,0,0,-4,2025-04-07 11:37:37.144203,2024-25
40,Mitchell Robinson,NYK,27,15,10,5,241.6,75,32,49,65.3,0,0,0.0,11,15,73.3,43,44,87,10,10,13,15,23,268,2,0,21,2025-04-07 11:37:37.144203,2024-25
40,Mo Bamba,NOP,26,32,19,13,413.5,138,52,112,46.4,15,54,27.8,19,27,70.4,32,113,145,18,20,9,31,56,439,0,0,-75,2025-04-07 11:37:37.144203,2024-25
40,Monté Morris,PHX,29,43,21,22,543.0,218,77,185,41.6,28,81,34.6,36,42,85.7,11,51,62,69,19,20,3,21,446,0,0,63,2025-04-07 11:37:37.144203,2024-25
40,Moritz Wagner,ORL,27,30,18,12,564.2,386,140,249,56.2,27,75,36.0,79,110,71.8,40,108,148,42,49,24,12,55,686,1,0,-17,2025-04-07 11:37:37.144203,2024-25
40,Moses Brown,DAL,25,13,5,8,118.6,76,34,49,69.4,0,0,0.0,8,11,72.7,12,32,44,2,11,6,4,17,151,1,0,-14,2025-04-07 11:37:37.144203,2024-25
40,Moses Moody,GSW,22,70,43,27,1546.5,699,236,538,43.9,122,322,37.9,105,132,79.5,47,129,176,92,50,51,28,107,1235,0,0,123,2025-04-07 11:37:37.144203,2024-25
40,Mouhamed Gueye,ATL,22,29,12,17,451.6,173,64,153,41.8,18,74,24.3,27,34,79.4,29,71,100,22,11,23,29,45,471,1,0,46,2025-04-07 11:37:37.144203,2024-25
40,Moussa Diabaté,CHA,23,69,15,54,1199.2,383,158,265,59.6,0,4,0.0,67,112,59.8,182,245,427,54,58,44,38,106,1164,7,0,-131,2025-04-07 11:37:37.144203,2024-25
40,Myles Turner,IND,29,69,41,28,2094.6,1084,379,785,48.3,153,381,40.2,173,223,77.6,84,368,452,108,118,54,134,178,2234,12,0,207,2025-04-07 11:37:37.144203,2024-25
40,N'Faly Dante,HOU,23,1,0,1,18.6,10,4,6,66.7,0,0,0.0,2,3,66.7,4,5,9,1,1,0,2,4,27,0,0,2,2025-04-07 11:37:37.144203,2024-25
40,Nae'Qwan Tomlin,CLE,24,4,4,0,16.6,12,5,11,45.5,0,2,0.0,2,3,66.7,3,6,9,0,1,0,0,3,22,0,0,-2,2025-04-07 11:37:37.144203,2024-25
40,Naji Marshall,DAL,27,66,31,35,1826.8,873,345,678,50.9,56,207,27.1,127,156,81.4,74,245,319,193,104,68,11,105,1678,6,0,-121,2025-04-07 11:37:37.144203,2024-25
40,Nate Williams,HOU,26,17,14,3,92.1,42,17,40,42.5,4,17,23.5,4,6,66.7,1,6,7,5,9,5,4,10,76,0,0,-8,2025-04-07 11:37:37.144203,2024-25
40,Naz Reid,MIN,25,76,44,32,2098.9,1089,407,882,46.1,170,444,38.3,105,137,76.6,83,374,457,173,105,57,71,181,2176,10,0,324,2025-04-07 11:37:37.144203,2024-25
40,Neemias Queta,BOS,25,59,44,15,799.6,290,124,189,65.6,0,3,0.0,42,56,75.0,84,138,222,38,37,16,37,100,735,0,0,141,2025-04-07 11:37:37.144203,2024-25
40,Nic Claxton,BKN,25,67,19,48,1824.0,692,306,549,55.7,3,19,15.8,77,150,51.3,153,354,507,153,86,59,99,147,1918,13,0,-479,2025-04-07 11:37:37.144203,2024-25
40,Nick Richards,PHX,27,56,17,39,1236.1,525,203,342,59.4,0,2,0.0,119,160,74.4,147,310,457,49,80,14,54,139,1271,16,0,-217,2025-04-07 11:37:37.144203,2024-25
40,Nick Smith Jr.,CHA,20,57,14,43,1300.3,546,208,542,38.4,94,289,32.5,36,39,92.3,13,103,116,129,79,17,6,77,869,0,0,-372,2025-04-07 11:37:37.144203,2024-25
40,Nickeil Alexander-Walker,MIN,26,78,46,32,1978.6,740,259,588,44.0,136,351,38.7,86,111,77.5,51,199,250,209,95,47,32,132,1496,1,0,266,2025-04-07 11:37:37.144203,2024-25
40,Nicolas Batum,LAC,36,76,45,31,1337.0,289,96,227,42.3,81,193,42.0,16,20,80.0,45,168,213,84,32,51,36,108,900,0,0,152,2025-04-07 11:37:37.144203,2024-25
40,Nikola Jović,MIA,21,46,21,25,1155.7,494,172,377,45.6,78,210,37.1,72,87,82.8,26,154,180,131,60,38,13,82,1000,0,0,-20,2025-04-07 11:37:37.144203,2024-25
40,Noah Clowney,BKN,20,46,11,35,1042.3,420,133,372,35.8,87,261,33.3,67,80,83.8,43,138,181,40,46,24,21,105,786,0,0,-261,2025-04-07 11:37:37.144203,2024-25
40,Norman Powell,LAC,31,57,36,21,1836.9,1254,438,902,48.6,173,412,42.0,205,253,81.0,20,161,181,121,102,71,9,106,1791,1,0,330,2025-04-07 11:37:37.144203,2024-25
40,OG Anunoby,NYK,27,72,45,27,2629.7,1304,478,996,48.0,169,446,37.9,179,218,82.1,94,252,346,159,97,106,63,169,2368,1,0,310,2025-04-07 11:37:37.144203,2024-25
40,Obi Toppin,IND,27,75,45,30,1472.3,800,305,568,53.7,106,286,37.1,84,106,79.2,52,247,299,120,63,43,26,103,1483,2,0,-75,2025-04-07 11:37:37.144203,2024-25
40,Ochai Agbaji,TOR,24,62,19,43,1665.5,629,251,507,49.5,93,238,39.1,34,48,70.8,56,178,234,97,53,51,29,119,1242,0,0,-197,2025-04-07 11:37:37.144203,2024-25
40,Olivier-Maxence Prosper,DAL,22,52,27,25,584.1,201,70,174,40.2,12,51,23.5,49,76,64.5,44,82,126,40,14,26,6,28,494,0,0,-104,2025-04-07 11:37:37.144203,2024-25
40,Onyeka Okongwu,ATL,24,71,33,38,1960.9,940,372,653,57.0,43,136,31.6,153,204,75.0,211,412,623,161,82,65,67,182,2243,26,0,27,2025-04-07 11:37:37.144203,2024-25
40,Orlando Robinson,TOR,24,43,22,21,736.2,294,112,251,44.6,17,48,35.4,53,68,77.9,84,124,208,74,48,17,16,95,706,4,0,-103,2025-04-07 11:37:37.144203,2024-25
40,Oscar Tshiebwe,UTA,25,11,2,9,186.2,62,23,39,59.0,0,0,0.0,16,20,80.0,30,56,86,7,6,9,0,18,197,1,0,-2,2025-04-07 11:37:37.144203,2024-25
40,Oshae Brissett,PHI,26,6,1,5,142.2,52,19,39,48.7,6,18,33.3,8,14,57.1,7,15,22,4,8,4,3,14,97,0,0,-31,2025-04-07 11:37:37.144203,2024-25
40,Oso Ighodaro,PHX,22,57,24,33,941.0,232,102,164,62.2,0,2,0.0,28,48,58.3,57,145,202,64,33,24,24,98,681,0,0,5,2025-04-07 11:37:37.144203,2024-25
40,Ousmane Dieng,OKC,21,37,30,7,404.8,142,54,125,43.2,23,71,32.4,11,16,68.8,18,63,81,31,18,17,7,33,340,0,0,45,2025-04-07 11:37:37.144203,2024-25
40,P.J. Tucker,NYK,39,1,0,1,1.8,0,0,0,0.0,0,0,0.0,0,0,0.0,0,0,0,0,0,0,0,0,0,0,0,2,2025-04-07 11:37:37.144203,2024-25
40,P.J. Washington,DAL,26,55,30,25,1775.3,808,291,645,45.1,86,230,37.4,140,192,72.9,79,350,429,124,113,60,59,130,1753,14,0,51,2025-04-07 11:37:37.144203,2024-25
40,PJ Dozier,MIN,28,9,7,2,34.9,7,2,3,66.7,2,3,66.7,1,6,16.7,1,4,5,5,1,1,0,3,23,0,0,-4,2025-04-07 11:37:37.144203,2024-25
40,PJ Hall,DEN,23,19,12,7,66.2,33,14,24,58.3,2,8,25.0,3,4,75.0,6,16,22,4,2,0,4,11,75,0,0,-2,2025-04-07 11:37:37.144203,2024-25
40,Pacôme Dadiet,NYK,19,17,13,4,100.1,26,9,28,32.1,6,18,33.3,2,3,66.7,0,14,14,5,3,3,2,6,62,0,0,-13,2025-04-07 11:37:37.144203,2024-25
40,Paolo Banchero,ORL,22,44,19,25,1515.3,1143,394,870,45.3,83,260,31.9,272,373,72.9,49,282,331,209,132,36,27,92,1911,10,0,-36,2025-04-07 11:37:37.144203,2024-25
40,Pascal Siakam,IND,31,76,45,31,2480.6,1544,598,1153,51.9,124,321,38.6,224,304,73.7,127,395,522,258,107,68,41,187,2777,10,0,309,2025-04-07 11:37:37.144203,2024-25
40,Pat Connaughton,MIL,32,39,17,22,551.7,168,66,144,45.8,21,68,30.9,15,19,78.9,18,80,98,64,22,7,11,42,414,0,0,-19,2025-04-07 11:37:37.144203,2024-25
40,Pat Spencer,GSW,28,37,22,15,234.4,88,37,95,38.9,3,19,15.8,11,15,73.3,15,29,44,44,15,13,3,20,240,0,0,-11,2025-04-07 11:37:37.144203,2024-25
40,Patrick Baldwin Jr.,LAC,22,24,3,21,106.7,53,19,35,54.3,13,23,56.5,2,4,50.0,5,20,25,3,5,3,2,7,98,0,0,29,2025-04-07 11:37:37.144203,2024-25
40,Patrick Williams,CHI,23,59,28,31,1486.7,521,188,482,39.0,87,252,34.5,58,80,72.5,42,183,225,114,77,43,31,82,1107,1,0,-198,2025-04-07 11:37:37.144203,2024-25
40,Patty Mills,LAC,36,29,12,17,320.7,111,36,96,37.5,26,75,34.7,13,14,92.9,4,18,22,26,17,13,3,24,207,0,0,-15,2025-04-07 11:37:37.144203,2024-25
40,Paul George,PHI,34,41,15,26,1333.6,665,245,570,43.0,96,268,35.8,79,97,81.4,24,195,219,178,106,75,20,101,1374,3,0,-83,2025-04-07 11:37:37.144203,2024-25
40,Paul Reed,DET,25,43,22,21,405.9,174,67,135,49.6,8,28,28.6,32,42,76.2,38,77,115,39,25,39,21,70,526,0,0,48,2025-04-07 11:37:37.144203,2024-25
40,Payton Pritchard,BOS,27,76,56,20,2145.8,1065,376,807,46.6,246,599,41.1,67,80,83.8,98,190,288,256,73,66,14,115,1962,4,0,428,2025-04-07 11:37:37.144203,2024-25
40,Pelle Larsson,MIA,24,54,23,31,755.7,239,85,197,43.1,30,92,32.6,39,57,68.4,28,61,89,63,24,29,7,90,524,0,0,15,2025-04-07 11:37:37.144203,2024-25
40,Pete Nance,MIL,25,12,7,5,94.9,19,7,20,35.0,4,15,26.7,1,2,50.0,4,11,15,5,0,2,0,12,51,0,0,-20,2025-04-07 11:37:37.144203,2024-25
40,Peyton Watson,DEN,22,65,37,28,1593.5,527,195,409,47.7,46,129,35.7,91,132,68.9,46,174,220,92,55,47,90,117,1285,0,0,-32,2025-04-07 11:37:37.144203,2024-25
40,Phillip Wheeler,PHI,22,5,0,5,44.4,8,3,21,14.3,0,10,0.0,2,2,100,2,6,8,2,1,1,2,1,29,0,0,13,2025-04-07 11:37:37.144203,2024-25
40,Precious Achiuwa,NYK,25,54,35,19,1081.9,343,148,291,50.9,9,32,28.1,38,64,59.4,99,193,292,50,42,41,38,72,963,2,0,-51,2025-04-07 11:37:37.144203,2024-25
40,Quentin Grimes,PHI,24,72,28,44,1910.4,1038,366,767,47.7,155,391,39.6,151,198,76.3,56,242,298,211,132,71,21,133,1856,3,0,-244,2025-04-07 11:37:37.144203,2024-25
40,Quenton Jackson,IND,26,26,13,13,321.5,128,48,99,48.5,12,31,38.7,20,27,74.1,13,24,37,48,14,17,5,39,296,0,0,-13,2025-04-07 11:37:37.144203,2024-25
40,Quincy Olivari,LAL,23,2,1,1,10.3,3,1,5,20.0,1,5,20.0,0,0,0.0,0,0,0,1,1,0,0,0,4,0,0,-18,2025-04-07 11:37:37.144203,2024-25
40,Quinten Post,GSW,25,40,25,15,660.0,330,120,266,45.1,71,173,41.0,19,25,76.0,35,109,144,55,33,16,17,82,651,0,0,35,2025-04-07 11:37:37.144203,2024-25
40,RayJ Dennis,IND,24,9,6,3,24.8,7,2,10,20.0,1,7,14.3,2,2,100,2,4,6,5,4,3,0,3,27,0,0,6,2025-04-07 11:37:37.144203,2024-25
40,Rayan Rupert,POR,20,49,22,27,372.7,108,40,103,38.8,12,43,27.9,16,22,72.7,23,31,54,21,24,13,3,26,228,0,0,-74,2025-04-07 11:37:37.144203,2024-25
40,Reece Beekman,BKN,23,33,12,21,393.5,82,31,94,33.0,6,36,16.7,14,19,73.7,9,23,32,46,19,26,2,27,254,0,0,-94,2025-04-07 11:37:37.144203,2024-25
40,Reed Sheppard,HOU,20,49,30,19,559.2,195,72,207,34.8,38,122,31.1,13,16,81.3,16,53,69,59,29,30,15,44,472,0,0,-9,2025-04-07 11:37:37.144203,2024-25
40,Reggie Jackson,PHI,34,31,11,20,384.0,136,52,133,39.1,25,74,33.8,7,9,77.8,8,34,42,45,17,16,3,34,294,0,0,-19,2025-04-07 11:37:37.144203,2024-25
40,Richaun Holmes,WAS,31,31,9,22,534.1,230,90,139,64.7,0,3,0.0,50,60,83.3,62,115,177,42,21,9,23,49,580,3,0,-36,2025-04-07 11:37:37.144203,2024-25
40,Ricky Council IV,PHI,23,69,15,54,1152.0,501,169,432,39.1,52,196,26.5,111,138,80.4,45,148,193,90,44,31,12,66,953,3,0,-158,2025-04-07 11:37:37.144203,2024-25
40,Riley Minix,SAS,24,1,0,1,6.8,0,0,1,0.0,0,1,0.0,0,0,0.0,0,2,2,0,0,0,0,0,2,0,0,0,2025-04-07 11:37:37.144203,2024-25
40,Rob Dillingham,MIN,20,47,28,19,511.8,219,93,210,44.3,25,73,34.2,8,15,53.3,12,37,49,97,52,20,1,37,434,0,0,13,2025-04-07 11:37:37.144203,2024-25
40,Robert Williams III,POR,27,20,7,13,351.3,116,50,78,64.1,1,3,33.3,15,17,88.2,35,83,118,21,17,13,33,31,410,0,0,-17,2025-04-07 11:37:37.144203,2024-25
40,Ronald Holland II,DET,19,77,43,34,1193.3,499,187,393,47.6,34,146,23.3,91,120,75.8,38,168,206,79,70,47,14,135,978,0,0,-51,2025-04-07 11:37:37.144203,2024-25
40,Royce O'Neale,PHX,31,71,32,39,1758.0,659,233,540,43.1,174,416,41.8,19,26,73.1,52,288,340,157,62,65,31,145,1529,1,0,-96,2025-04-07 11:37:37.144203,2024-25
40,Rudy Gobert,MIN,32,68,40,28,2246.4,793,312,468,66.7,0,0,0.0,169,250,67.6,252,487,739,120,87,54,99,170,2232,34,0,293,2025-04-07 11:37:37.144203,2024-25
40,Rui Hachimura,LAL,27,57,35,22,1799.3,744,282,558,50.5,98,238,41.2,82,107,76.6,79,209,288,80,48,44,26,101,1372,1,0,122,2025-04-07 11:37:37.144203,2024-25
40,Ryan Dunn,PHX,22,70,31,39,1294.8,448,181,424,42.7,71,232,30.6,15,35,42.9,76,159,235,53,36,36,39,154,999,1,0,-178,2025-04-07 11:37:37.144203,2024-25
40,Ryan Rollins,MIL,22,53,27,26,760.3,325,122,253,48.2,45,111,40.5,36,45,80.0,20,83,103,94,49,40,17,83,712,1,0,82,2025-04-07 11:37:37.144203,2024-25
40,Sam Hauser,BOS,27,67,49,18,1436.9,553,196,436,45.0,153,371,41.2,8,8,100,43,169,212,61,21,39,12,86,1031,0,0,316,2025-04-07 11:37:37.144203,2024-25
40,Sam Merrill,CLE,28,69,53,16,1350.8,485,164,410,40.0,129,355,36.3,28,29,96.6,38,114,152,101,34,49,13,120,971,0,0,316,2025-04-07 11:37:37.144203,2024-25
40,Sandro Mamukelashvili,SAS,25,57,21,36,591.1,335,121,242,50.0,56,142,39.4,37,52,71.2,56,108,164,41,22,19,16,56,676,2,0,-18,2025-04-07 11:37:37.144203,2024-25
40,Santi Aldama,MEM,24,62,37,25,1578.9,787,304,629,48.3,114,312,36.5,65,93,69.9,94,312,406,177,68,48,29,71,1703,10,0,160,2025-04-07 11:37:37.144203,2024-25
40,Scoot Henderson,POR,21,66,30,36,1759.1,837,287,685,41.9,105,297,35.4,158,206,76.7,52,146,198,335,177,68,13,181,1643,2,0,-38,2025-04-07 11:37:37.144203,2024-25
40,Seth Curry,CHA,34,66,17,49,1024.1,418,155,329,47.1,77,172,44.8,31,36,86.1,24,87,111,59,30,26,7,58,709,0,0,-154,2025-04-07 11:37:37.144203,2024-25
40,Shaedon Sharpe,POR,21,71,32,39,2216.9,1298,486,1081,45.0,141,460,30.7,185,232,79.7,66,251,317,193,145,60,16,119,2051,3,0,-146,2025-04-07 11:37:37.144203,2024-25
40,Shai Gilgeous-Alexander,OKC,26,75,62,13,2561.1,2442,846,1630,51.9,158,426,37.1,592,658,90.0,66,307,373,480,182,131,76,159,4049,6,0,911,2025-04-07 11:37:37.144203,2024-25
40,Shake Milton,LAL,28,54,28,26,787.5,297,109,237,46.0,37,102,36.3,42,53,79.2,30,70,100,99,37,23,3,65,607,1,0,-102,2025-04-07 11:37:37.144203,2024-25
40,Sidy Cissoko,POR,21,20,10,10,60.9,22,9,18,50.0,3,7,42.9,1,6,16.7,4,7,11,6,3,1,0,7,44,0,0,-2,2025-04-07 11:37:37.144203,2024-25
40,Simone Fontecchio,DET,29,71,37,34,1198.5,426,143,359,39.8,71,216,32.9,69,83,83.1,48,160,208,63,48,30,12,94,848,0,0,22,2025-04-07 11:37:37.144203,2024-25
40,Skal Labissiere,SAC,29,4,2,2,12.0,5,2,4,50.0,1,1,100,0,0,0.0,1,2,3,1,0,0,0,1,10,0,0,-1,2025-04-07 11:37:37.144203,2024-25
40,Spencer Dinwiddie,DAL,32,77,37,40,2071.1,859,282,671,42.0,107,319,33.5,188,236,79.7,18,186,204,338,97,69,17,119,1772,5,0,-184,2025-04-07 11:37:37.144203,2024-25
40,Spencer Jones,DEN,23,20,13,7,124.6,26,11,34,32.4,1,17,5.9,3,3,100,8,9,17,5,5,5,5,17,79,0,0,-45,2025-04-07 11:37:37.144203,2024-25
40,Stanley Umude,MIL,25,20,13,7,64.5,12,4,23,17.4,2,13,15.4,2,4,50.0,4,11,15,3,2,3,3,6,51,0,0,-14,2025-04-07 11:37:37.144203,2024-25
40,Stephen Curry,GSW,37,66,39,27,2124.6,1613,527,1183,44.5,294,741,39.7,265,285,93.0,35,250,285,401,188,75,28,91,2678,9,0,263,2025-04-07 11:37:37.144203,2024-25
40,Stephon Castle,SAS,20,77,31,46,2026.2,1114,399,940,42.4,90,318,28.3,226,314,72.0,87,194,281,303,165,71,19,156,2011,5,0,-195,2025-04-07 11:37:37.144203,2024-25
40,Steven Adams,HOU,31,57,38,19,776.9,221,89,163,54.6,0,2,0.0,43,93,46.2,164,157,321,65,53,22,28,58,801,3,0,195,2025-04-07 11:37:37.144203,2024-25
40,Svi Mykhailiuk,UTA,27,35,5,30,669.9,286,100,269,37.2,60,182,33.0,26,32,81.3,20,59,79,67,49,18,6,42,504,0,0,-86,2025-04-07 11:37:37.144203,2024-25
40,T.J. McConnell,IND,33,75,46,29,1343.2,692,312,598,52.2,15,47,31.9,53,71,74.6,42,145,187,342,105,81,19,73,1624,2,0,-8,2025-04-07 11:37:37.144203,2024-25
40,Taj Gibson,CHA,39,33,10,23,360.6,93,40,81,49.4,1,2,50.0,12,20,60.0,46,60,106,18,22,9,15,48,297,1,0,-116,2025-04-07 11:37:37.144203,2024-25
40,Talen Horton-Tucker,CHI,24,54,23,31,632.3,331,117,258,45.3,39,110,35.5,58,80,72.5,18,75,93,70,36,18,10,54,596,0,0,7,2025-04-07 11:37:37.144203,2024-25
40,Tari Eason,HOU,23,55,36,19,1375.4,661,261,536,48.7,61,178,34.3,78,101,77.2,123,227,350,78,63,95,48,133,1564,6,0,186,2025-04-07 11:37:37.144203,2024-25
40,Taurean Prince,MIL,31,77,43,34,2094.2,633,227,494,46.0,141,320,44.1,38,46,82.6,34,245,279,152,81,76,14,161,1385,1,0,-15,2025-04-07 11:37:37.144203,2024-25
40,Taylor Hendricks,UTA,21,3,0,3,74.5,14,4,18,22.2,3,12,25.0,3,4,75.0,5,10,15,2,2,5,4,8,60,0,0,-22,2025-04-07 11:37:37.144203,2024-25
40,Tazé Moore,POR,26,2,0,2,19.9,6,2,10,20.0,1,4,25.0,1,2,50.0,4,4,8,1,2,2,0,0,21,0,0,-7,2025-04-07 11:37:37.144203,2024-25
40,Terance Mann,ATL,28,63,34,29,1310.7,479,188,378,49.7,58,152,38.2,45,64,70.3,61,126,187,111,43,45,15,122,1007,0,0,-116,2025-04-07 11:37:37.144203,2024-25
40,Terrence Shannon Jr.,MIN,24,31,20,11,335.5,138,55,114,48.2,11,31,35.5,17,21,81.0,10,36,46,32,15,7,5,26,262,1,0,7,2025-04-07 11:37:37.144203,2024-25
40,Terry Rozier,MIA,31,62,26,36,1611.8,675,246,623,39.5,91,302,30.1,92,108,85.2,41,188,229,164,76,36,14,73,1270,0,0,-151,2025-04-07 11:37:37.144203,2024-25
40,Terry Taylor,SAC,25,3,1,2,6.3,0,0,1,0.0,0,0,0.0,0,0,0.0,1,0,1,2,0,0,0,0,4,0,0,9,2025-04-07 11:37:37.144203,2024-25
40,Thomas Bryant,IND,27,62,41,21,913.4,410,156,305,51.1,45,138,32.6,53,62,85.5,81,162,243,52,29,27,37,74,943,1,0,13,2025-04-07 11:37:37.144203,2024-25
40,Tidjane Salaün,CHA,19,56,12,44,1125.0,321,104,310,33.5,52,181,28.7,61,84,72.6,69,186,255,67,51,29,14,77,806,2,0,-292,2025-04-07 11:37:37.144203,2024-25
40,Tim Hardaway Jr.,DET,33,73,40,33,2053.0,806,263,644,40.8,159,430,37.0,121,142,85.2,18,160,178,118,46,37,7,92,1283,0,0,43,2025-04-07 11:37:37.144203,2024-25
40,Tobias Harris,DET,32,70,39,31,2237.6,964,371,783,47.4,85,254,33.5,137,158,86.7,64,359,423,156,79,70,55,129,2002,5,0,212,2025-04-07 11:37:37.144203,2024-25
40,Tony Bradley,IND,27,12,10,2,61.1,37,18,22,81.8,1,3,33.3,0,2,0.0,7,12,19,3,4,1,4,7,75,0,0,9,2025-04-07 11:37:37.144203,2024-25
40,Torrey Craig,BOS,34,23,14,9,254.8,106,37,81,45.7,24,60,40.0,8,12,66.7,26,32,58,11,2,4,10,29,232,0,0,-53,2025-04-07 11:37:37.144203,2024-25
40,Tosan Evbuomwan,BKN,24,24,7,17,571.2,227,82,185,44.3,19,63,30.2,44,58,75.9,29,74,103,42,34,18,8,45,458,0,0,-24,2025-04-07 11:37:37.144203,2024-25
40,Toumani Camara,POR,24,75,32,43,2460.4,842,313,678,46.2,128,341,37.5,88,122,72.1,168,266,434,166,108,112,49,224,1987,4,0,-142,2025-04-07 11:37:37.144203,2024-25
40,Trae Young,ATL,26,73,34,39,2635.3,1753,539,1319,40.9,206,612,33.7,469,535,87.7,35,196,231,847,345,87,12,142,3253,48,0,9,2025-04-07 11:37:37.144203,2024-25
40,Trayce Jackson-Davis,GSW,25,59,31,28,942.1,394,170,297,57.2,0,2,0.0,54,95,56.8,118,182,300,102,42,22,38,70,1045,4,0,-63,2025-04-07 11:37:37.144203,2024-25
40,Tre Jones,CHI,25,46,21,25,905.0,330,128,238,53.8,19,48,39.6,55,67,82.1,31,85,116,192,35,37,10,55,863,1,0,-31,2025-04-07 11:37:37.144203,2024-25
40,Tre Mann,CHA,24,13,6,7,319.0,183,70,161,43.5,24,60,40.0,19,21,90.5,12,26,38,39,25,7,4,24,295,0,0,-55,2025-04-07 11:37:37.144203,2024-25
40,Trendon Watford,BKN,24,40,15,25,804.3,385,141,309,45.6,25,80,31.3,78,105,74.3,31,106,137,99,71,25,11,85,735,1,0,-61,2025-04-07 11:37:37.144203,2024-25
40,Trentyn Flowers,LAC,20,4,2,2,24.9,11,4,10,40.0,0,2,0.0,3,3,100,1,3,4,0,1,0,0,4,15,0,0,1,2025-04-07 11:37:37.144203,2024-25
40,Trevelin Queen,ORL,28,29,13,16,395.1,126,47,134,35.1,17,69,24.6,15,17,88.2,24,23,47,34,22,28,10,37,325,0,0,-98,2025-04-07 11:37:37.144203,2024-25
40,Trey Alexander,DEN,21,23,13,10,110.9,30,12,40,30.0,3,17,17.6,3,4,75.0,1,10,11,11,5,1,1,10,61,0,0,-15,2025-04-07 11:37:37.144203,2024-25
40,Trey Jemison III,LAL,25,34,15,19,359.5,88,38,70,54.3,0,0,0.0,12,31,38.7,38,55,93,14,19,9,14,65,271,0,0,-13,2025-04-07 11:37:37.144203,2024-25
40,Trey Lyles,SAC,29,65,32,33,1219.0,407,140,342,40.9,75,221,33.9,52,74,70.3,71,221,292,76,35,40,22,81,1022,1,0,-66,2025-04-07 11:37:37.144203,2024-25
40,Trey Murphy III,NOP,24,53,14,39,1854.2,1124,381,839,45.4,158,438,36.1,204,230,88.7,47,221,268,188,103,56,39,112,1910,2,0,-384,2025-04-07 11:37:37.144203,2024-25
40,Tristan Thompson,CLE,34,38,31,7,265.5,59,27,59,45.8,0,3,0.0,5,22,22.7,26,76,102,23,11,1,9,31,235,0,0,-55,2025-04-07 11:37:37.144203,2024-25
40,Tristan Vukcevic,WAS,22,32,6,26,423.9,261,97,203,47.8,30,87,34.5,37,49,75.5,21,89,110,32,33,11,20,46,501,0,0,-91,2025-04-07 11:37:37.144203,2024-25
40,Tristan da Silva,ORL,23,71,33,38,1545.6,500,186,451,41.2,75,227,33.0,53,61,86.9,69,163,232,104,53,30,16,89,1019,1,0,-98,2025-04-07 11:37:37.144203,2024-25
40,Tristen Newton,MIN,23,8,2,6,16.1,3,1,8,12.5,0,3,0.0,1,1,100,2,2,4,2,2,1,0,4,12,0,0,-5,2025-04-07 11:37:37.144203,2024-25
40,Ty Jerome,CLE,27,68,54,14,1345.3,836,303,591,51.3,104,243,42.8,126,145,86.9,49,122,171,226,88,78,2,98,1532,0,0,274,2025-04-07 11:37:37.144203,2024-25
40,TyTy Washington Jr.,PHX,23,13,3,10,102.9,31,12,39,30.8,4,20,20.0,3,4,75.0,4,8,12,15,3,3,0,4,74,0,0,-7,2025-04-07 11:37:37.144203,2024-25
40,Tyler Herro,MIA,25,74,35,39,2635.3,1768,623,1328,46.9,245,656,37.3,277,316,87.7,33,353,386,414,187,66,17,84,2914,9,0,52,2025-04-07 11:37:37.144203,2024-25
40,Tyler Kolek,NYK,24,40,26,14,281.7,76,26,77,33.8,13,43,30.2,11,15,73.3,6,18,24,66,15,12,4,25,237,0,0,8,2025-04-07 11:37:37.144203,2024-25
40,Tyler Smith,MIL,20,22,11,11,92.0,47,18,41,43.9,9,24,37.5,2,4,50.0,4,17,21,4,6,2,3,9,87,0,0,9,2025-04-07 11:37:37.144203,2024-25
40,Tyrese Haliburton,IND,25,71,44,27,2383.5,1314,463,979,47.3,211,544,38.8,177,207,85.5,41,208,249,657,117,104,46,91,2931,30,0,207,2025-04-07 11:37:37.144203,2024-25
40,Tyrese Martin,BKN,26,57,16,41,1242.8,494,177,436,40.6,96,266,36.1,44,56,78.6,56,154,210,114,65,32,8,74,972,1,0,-246,2025-04-07 11:37:37.144203,2024-25
40,Tyson Etienne,BKN,25,3,0,3,67.2,20,7,22,31.8,4,16,25.0,2,4,50.0,1,5,6,8,3,2,1,6,45,0,0,-12,2025-04-07 11:37:37.144203,2024-25
40,Tyus Jones,PHX,28,77,35,42,2100.6,794,292,649,45.0,159,382,41.6,51,57,89.5,40,147,187,418,89,65,7,62,1772,6,0,-74,2025-04-07 11:37:37.144203,2024-25
40,Ulrich Chomche,TOR,19,7,3,4,32.2,5,2,5,40.0,0,0,0.0,1,2,50.0,4,4,8,2,2,0,1,5,19,0,0,-24,2025-04-07 11:37:37.144203,2024-25
40,Vasilije Micić,PHX,31,41,8,33,784.9,269,95,273,34.8,45,125,36.0,34,41,82.9,20,69,89,128,77,15,0,45,536,1,0,-122,2025-04-07 11:37:37.144203,2024-25
40,Vince Williams Jr.,MEM,24,23,8,15,424.2,152,57,144,39.6,21,81,25.9,17,22,77.3,17,61,78,47,29,11,5,39,335,0,0,-7,2025-04-07 11:37:37.144203,2024-25
40,Vlatko Čančar,DEN,27,13,2,11,135.8,24,10,26,38.5,4,15,26.7,0,0,0.0,6,26,32,9,11,3,2,10,80,0,0,-18,2025-04-07 11:37:37.144203,2024-25
40,Vít Krejčí,ATL,24,53,25,28,1081.6,385,136,280,48.6,86,199,43.2,27,40,67.5,19,123,142,137,45,32,26,100,890,1,0,-72,2025-04-07 11:37:37.144203,2024-25
40,Walker Kessler,UTA,23,58,14,44,1740.3,641,278,419,66.3,6,34,17.6,79,152,52.0,266,441,707,97,86,36,138,130,2071,28,0,-329,2025-04-07 11:37:37.144203,2024-25
40,Wendell Carter Jr.,ORL,25,65,29,36,1682.5,589,215,468,45.9,36,151,23.8,123,166,74.1,146,331,477,129,70,44,38,194,1531,10,0,-11,2025-04-07 11:37:37.144203,2024-25
40,Wendell Moore Jr.,CHA,23,33,11,22,447.4,133,52,112,46.4,11,33,33.3,18,22,81.8,28,61,89,37,22,18,5,30,342,1,0,-97,2025-04-07 11:37:37.144203,2024-25
40,Xavier Tillman,BOS,26,32,26,6,223.5,32,12,52,23.1,5,32,15.6,3,4,75.0,10,32,42,7,14,11,5,17,127,0,0,-13,2025-04-07 11:37:37.144203,2024-25
40,Yuki Kawamura,MEM,23,20,16,4,63.1,24,8,22,36.4,4,16,25.0,4,6,66.7,0,7,7,14,4,1,0,7,52,0,0,0,2025-04-07 11:37:37.144203,2024-25
40,Yuri Collins,GSW,24,2,2,0,16.3,2,1,3,33.3,0,0,0.0,0,0,0.0,2,1,3,4,0,2,0,5,18,0,0,-5,2025-04-07 11:37:37.144203,2024-25
40,Yves Missi,NOP,20,72,19,53,1936.9,656,265,486,54.5,0,1,0.0,126,201,62.7,252,344,596,99,81,37,98,145,1844,14,0,-493,2025-04-07 11:37:37.144203,2024-25
40,Zaccharie Risacher,ATL,19,71,35,36,1757.3,878,332,739,44.9,112,324,34.6,102,141,72.3,86,172,258,89,88,50,35,141,1488,1,0,-151,2025-04-07 11:37:37.144203,2024-25
40,Zach Collins,CHI,27,60,31,29,905.2,379,143,281,50.9,30,99,30.3,63,72,87.5,94,169,263,103,52,28,28,127,965,4,0,-33,2025-04-07 11:37:37.144203,2024-25
40,Zach Edey,MEM,22,63,34,29,1321.4,578,239,416,57.5,18,50,36.0,82,115,71.3,220,284,504,64,80,32,81,171,1538,11,0,134,2025-04-07 11:37:37.144203,2024-25
40,Zach LaVine,SAC,30,70,30,40,2446.8,1612,584,1141,51.2,219,499,43.9,225,273,82.4,22,286,308,288,200,57,12,112,2421,5,0,-68,2025-04-07 11:37:37.144203,2024-25
40,Zeke Nnaji,DEN,24,56,35,21,601.6,183,70,140,50.0,17,51,33.3,26,42,61.9,33,56,89,23,14,25,38,62,499,0,0,-13,2025-04-07 11:37:37.144203,2024-25
40,Ziaire Williams,BKN,23,61,21,40,1509.0,614,209,508,41.1,100,295,33.9,96,116,82.8,60,222,282,83,66,60,26,145,1269,2,0,-315,2025-04-07 11:37:37.144203,2024-25
40,Zyon Pullin,MEM,24,3,1,2,2.6,0,0,1,0.0,0,0,0.0,0,0,0.0,0,0,0,0,0,0,0,0,0,0,0,1,2025-04-07 11:37:37.144203,2024-25
